"id","Kingdom","Phylum","Class","Order","Family","Genus","Species"
"578b43fe67026f8d044daeba16bf1cd7","d__Bacteria","Cyanobacteria","Vampirivibrionia","Obscuribacterales","Obscuribacteraceae",NA,NA
"395c52ea59da6ee9ca5a7f38d559045d","d__Bacteria","Cyanobacteria","Vampirivibrionia","Vampirovibrionales","Vampirovibrionales",NA,NA
"29483c751540f67b35f1ce9844ba395d","d__Bacteria","Cyanobacteria","Vampirivibrionia","Vampirovibrionales","Unclassified Vampirovibrionales",NA,NA
"68f744c0bf8a22e4a3d287a3573b52ef","d__Bacteria","Cyanobacteria","Vampirivibrionia","Vampirovibrionales","Vampirovibrionaceae",NA,NA
"753459a0735d8aa8ebb6a51e93d4f7f6","d__Bacteria","Cyanobacteria","Vampirivibrionia","Unclassified Vampirivibrionia","Unclassified Vampirivibrionia",NA,NA
"143e2107bf6409cf050b4748500b3f19","d__Bacteria","Cyanobacteria","Vampirivibrionia","Gastranaerophilales","Gastranaerophilales",NA,NA
"96f3b6b35f5d9a26fd0910433ba76aa3","d__Bacteria","Cyanobacteria","Vampirivibrionia","Caenarcaniphilales","Caenarcaniphilales",NA,NA
"2c8bff5c4ea018258f137529d51e47d2","d__Bacteria","Cyanobacteria","Cyanobacteriia","Synechococcales","Synechococcales_Incertae_Sedis",NA,NA
"6b333ddf87daf39da2690ddeeaa940b9","d__Bacteria","Cyanobacteria","Cyanobacteriia","Limnotrichales","Limnotrichaceae",NA,NA
"840821eb014737452db9cb9be3c22f7e","d__Bacteria","Cyanobacteria","Cyanobacteriia","Leptolyngbyales","Leptolyngbyaceae",NA,NA
"a1e41f59a6a2f0a3ca8efb43f1e2edff","d__Bacteria","Cyanobacteria","Cyanobacteriia","Cyanobacteriales","Nostocaceae",NA,NA
"63571c872ac01b048674e6e1799abb3b","d__Bacteria","Cyanobacteria","Cyanobacteriia","Cyanobacteriales","Phormidiaceae",NA,NA
"714a0b19b3b6af9b966dd9b4f3f55d28","d__Bacteria","Cyanobacteria","Cyanobacteriia","Eurycoccales","Unclassified Eurycoccales",NA,NA
"bc69adce8e3f0f21c14ff94973629d6b","d__Bacteria","Cyanobacteria","Cyanobacteriia","Eurycoccales","Eurycoccales_Incertae_Sedis",NA,NA
"a8ace63dfb3b72d54131a4a133a02008","d__Bacteria","Firmicutes","Bacilli","Acholeplasmatales","Acholeplasmataceae",NA,NA
"341218ace88d00f93e12c630b4e67fde","d__Bacteria","Entotheonellaeota","Entotheonellia","Entotheonellales","Entotheonellaceae",NA,NA
"e247471b5e5e941316da8ee148617f62","d__Bacteria","Proteobacteria","Gammaproteobacteria","Francisellales","Francisellaceae",NA,NA
"c18d51155c7fcb59d07d15c6489a37fc","d__Bacteria","Proteobacteria","Gammaproteobacteria","Thiomicrospirales","Thioglobaceae",NA,NA
"2f4365be061ecafb59a7cda7a183d221","d__Bacteria","Proteobacteria","Gammaproteobacteria","Methylococcales","Methylomonadaceae",NA,NA
"9e7d08f029634e46437b4c9eead0fcbc","d__Bacteria","Proteobacteria","Gammaproteobacteria","Thiotrichales","Thiotrichaceae",NA,NA
"926f475bef82b5d762a00d2cb36741c3","d__Bacteria","Proteobacteria","Gammaproteobacteria","SAR86_clade","SAR86_clade",NA,NA
"66843d89c94cf4fb8d1d235dfdb9d4d5","d__Bacteria","Proteobacteria","Gammaproteobacteria","eub62A3","eub62A3",NA,NA
"f986852b8e3745aa002609c310a17934","d__Bacteria","Proteobacteria","Gammaproteobacteria","Steroidobacterales","Unclassified Steroidobacterales",NA,NA
"101053501543f9299c3f828734dec9fb","d__Bacteria","Proteobacteria","Gammaproteobacteria","Oceanospirillales","Nitrincolaceae",NA,NA
"3d44680f832278176eeefa1da630116a","d__Bacteria","Proteobacteria","Gammaproteobacteria","Chromatiales","Sedimenticolaceae",NA,NA
"e00c6a14191d609a289deee63aefb7af","d__Bacteria","Proteobacteria","Gammaproteobacteria","Granulosicoccales","Granulosicoccaceae",NA,NA
"87b69f7cd5029e46ba32d316742ea7de","d__Bacteria","Proteobacteria","Gammaproteobacteria","Milano-WF1B-44","Milano-WF1B-44",NA,NA
"fb7576bacc25bdcf087a5ccc9fb72761","d__Bacteria","Proteobacteria","Gammaproteobacteria","MBMPE27","MBMPE27",NA,NA
"72727fdc6125e64313705fc19c5cde87","d__Bacteria","Proteobacteria","Gammaproteobacteria","Chromatiales","Chromatiaceae",NA,NA
"00b0dd3f100334f691c4215a271efd32","d__Bacteria","Proteobacteria","Gammaproteobacteria","Xanthomonadales","Rhodanobacteraceae",NA,NA
"93b89b7ef7800b0201cc2ae3e94690a9","d__Bacteria","Proteobacteria","Gammaproteobacteria","Competibacterales","Competibacteraceae",NA,NA
"09d21bfe1332afd48aea1cf7bbcc4dee","d__Bacteria","Proteobacteria","Gammaproteobacteria","Xanthomonadales","Xanthomonadaceae",NA,NA
"cbd86e60040f2faa41f4bed21ff221ee","d__Bacteria","Proteobacteria","Gammaproteobacteria","Burkholderiales","SC-I-84",NA,NA
"a1f7064ffcc8b6700d07c6dddef3f07b","d__Bacteria","Proteobacteria","Gammaproteobacteria","Burkholderiales","Unclassified Burkholderiales",NA,NA
"a38a62ba8397cf2da70b74c2595fed39","d__Bacteria","Dependentiae","Babeliae","Babeliales","UBA12411",NA,NA
"fc3243a0104bc7fecaafdcd89f9372ae","d__Bacteria","Bacteroidota","Bacteroidia","Cytophagales","Amoebophilaceae",NA,NA
"22c4915880d95e62675e5026a893efce","d__Bacteria","Bacteroidota","Bacteroidia","Flavobacteriales","Flavobacteriaceae",NA,NA
"21c08e8b18838de709ed71b6801f8590","d__Bacteria","Bacteroidota","Bacteroidia","Sphingobacteriales","AKYH767",NA,NA
"4c39bf1253c2f1cce12b35f5760d662e","d__Bacteria","Bacteroidota","Bacteroidia","Chitinophagales","Saprospiraceae",NA,NA
"2c95378653648ce017222e6641c8e2d1","d__Bacteria","Bacteroidota","Bacteroidia","Flavobacteriales","Weeksellaceae",NA,NA
"3d1952d433e1cb10e5d266c43c2c5d1b","d__Bacteria","Bacteroidota","Bacteroidia","Flavobacteriales","Blattabacteriaceae",NA,NA
"546fbefec89be0f3e08588e73e663a7e","d__Bacteria","Bacteroidota","Bacteroidia","Flavobacteriales","Crocinitomicaceae",NA,NA
"0f2d26ea11b266299cfe5e64b364f750","d__Bacteria","Bacteroidota","Bacteroidia","Bacteroidales","Prolixibacteraceae",NA,NA
"e7bcdd99dcf5fa52007f0520b91fe938","d__Bacteria","Bacteroidota","Bacteroidia","Bacteroidales","Bacteroidetes_vadinHA17",NA,NA
"53349adea11f00ead360ee54dae4e1ac","d__Bacteria","Bacteroidota","Bacteroidia","Bacteroidales","Bacteroidetes_BD2-2",NA,NA
"032f2735338c1c6190fce95d8a62f153","d__Bacteria","Bacteroidota","Bacteroidia","Bacteroidales","SB-5",NA,NA
"3b9282e51ba08918662d57b26447034d","d__Bacteria","Bacteroidota","Bacteroidia","Bacteroidales","Marinilabiliaceae",NA,NA
"edd72d2751e0a267aa35afef1ea04a58","d__Bacteria","Bacteroidota","Bacteroidia","Flavobacteriales","Schleiferiaceae",NA,NA
"7adf8968e7bb40c15df1b4c10a5d8c13","d__Bacteria","Bacteroidota","Bacteroidia","Flavobacteriales","NS7_marine_group",NA,NA
"9869c73bf523d6d4ae68ad2447762428","d__Bacteria","Bacteroidota","Bacteroidia","Sphingobacteriales","Unclassified Sphingobacteriales",NA,NA
"0243b6b185e5cdb5e420f44747c32ab6","d__Bacteria","Bacteroidota","Bacteroidia","Flavobacteriales","NS9_marine_group",NA,NA
"08f65571456aaf0cfc2937c7d36a061a","d__Bacteria","Bacteroidota","Bacteroidia","Sphingobacteriales","Sphingobacteriaceae",NA,NA
"0237ad941160db6a4f9e5c9748b0afe5","d__Bacteria","Bacteroidota","Bacteroidia","Sphingobacteriales","KD3-93",NA,NA
"8fff9c7288d638eeb441a323a59c1b3b","d__Bacteria","Bacteroidota","Bacteroidia","Chitinophagales","Unclassified Chitinophagales",NA,NA
"bdf9e8c5ae0c43dfe39e8df510409450","d__Bacteria","Bacteroidota","Bacteroidia","Sphingobacteriales","ST-12K33",NA,NA
"964e4e9caaea46408ea43e282ac11821","d__Bacteria","Bacteroidota","Bacteroidia","Sphingobacteriales","Lentimicrobiaceae",NA,NA
"7afa6e4b4f4f3061b5cc38d81dc3109e","d__Bacteria","Bacteroidota","Bacteroidia","Bacteroidetes_VC2.1_Bac22","Bacteroidetes_VC2.1_Bac22",NA,NA
"bd813a0dd832972d9acb2c43a4afa5ed","d__Bacteria","Bacteroidota","Bacteroidia","Chitinophagales","37-13",NA,NA
"efec0bac622bd32d004df90feb767e08","d__Bacteria","Bacteroidota","Bacteroidia","Bacteroidales","Unclassified Bacteroidales",NA,NA
"6ea7e93cf845625b6f0034e0f164cbf1","d__Bacteria","Bacteroidota","Bacteroidia","Chitinophagales","Chitinophagaceae",NA,NA
"5b17e078b456f4e258f6c20234639aab","d__Bacteria","Bacteroidota","Bacteroidia","Sphingobacteriales","env.OPS_17",NA,NA
"a29d1a66b7b90a351b8d451fe5b2ab2d","d__Bacteria","Bacteroidota","Bacteroidia","Sphingobacteriales","NS11-12_marine_group",NA,NA
"d055ca38262e990ad402497b498aec56","d__Bacteria","Dependentiae","Babeliae","Babeliales","Babeliaceae",NA,NA
"ea521e792fcb9ed66d715809324ab9a1","d__Bacteria","Dependentiae","Babeliae","Babeliales","Vermiphilaceae",NA,NA
"1537738a0c80bc33a14579b4cb01fec7","d__Bacteria","Dependentiae","Babeliae","Babeliales","Unclassified Babeliales",NA,NA
"45bd02c8a93d36cc3c30c500c33f7b30","d__Bacteria","Dependentiae","Babeliae","Babeliales","Babeliales",NA,NA
"d9bbcb98658307c434b227b6cc63fd72","d__Bacteria","Desulfobacterota","Syntrophobacteria","Syntrophobacterales","uncultured",NA,NA
"42bbaedef41ce7afaad38e891c62b742","d__Bacteria","Myxococcota","Myxococcia","Myxococcales","Anaeromyxobacteraceae",NA,NA
"adb8e3acfbccf40579dd55bf79ae1a86","d__Bacteria","Myxococcota","Polyangia","Blfdi19","Blfdi19",NA,NA
"6d7bef44bc818abd77a4ab584762b79d","d__Bacteria","Proteobacteria","Alphaproteobacteria","Dstr-E11","Dstr-E11",NA,NA
"ce8043840e466e968556991ebf0cd3d1","d__Bacteria","Acidobacteriota","Holophagae","Acanthopleuribacterales","Acanthopleuribacteraceae",NA,NA
"9f894d4928ad54e6045af4473190307f","d__Bacteria","Modulibacteria","Moduliflexia","Moduliflexales","Moduliflexaceae",NA,NA
"4d5a5ee526e3928b571bb61bab4ed252","d__Bacteria","Acidobacteriota","Subgroup_22","Subgroup_22","Subgroup_22",NA,NA
"9d2f6eb25db5c49a43de832c3b217c20","d__Bacteria","Acidobacteriota","AT-s3-28","AT-s3-28","AT-s3-28",NA,NA
"e135991be03d6daac447c6587da13db8","d__Bacteria","Firmicutes","Bacilli","Unclassified Bacilli","Unclassified Bacilli",NA,NA
"674de308e8746fd70713b9b5946f4d12","d__Bacteria","Acidobacteriota","Unclassified Acidobacteriota","Unclassified Acidobacteriota","Unclassified Acidobacteriota",NA,NA
"25e4946a484803c533c11da2b913a145","d__Bacteria","Acidobacteriota","Thermoanaerobaculia","Thermoanaerobaculales","Thermoanaerobaculaceae",NA,NA
"0255203339abcb8f73864d776021a7de","d__Bacteria","Planctomycetota","vadinHA49","vadinHA49","vadinHA49",NA,NA
"d4a3e1ce6df0a890e45b096798b3cdc7","d__Bacteria","Planctomycetota","Phycisphaerae","Phycisphaerales","Phycisphaeraceae",NA,NA
"2423f6401edf01f65c43a17ed60abf32","d__Bacteria","Planctomycetota","Phycisphaerae","Pla1_lineage","Pla1_lineage",NA,NA
"b9a94ee0c3527d9e30fc1f0146e29e2a","d__Bacteria","Planctomycetota","Phycisphaerae","S-70","S-70",NA,NA
"81ae7604db66de1faa9f303683d344ab","d__Bacteria","Planctomycetota","Phycisphaerae","MSBL9","SG8-4",NA,NA
"2ea51d90ca8767182e38a51931e32a22","d__Bacteria","Planctomycetota","Phycisphaerae","MSBL9","KCLunmb-38-53",NA,NA
"f84e96268be22d54131213039884ad3f","d__Bacteria","Planctomycetota","Phycisphaerae","MSBL9","4572-13",NA,NA
"47afd98e2508bcc2bf119d24f10095de","d__Bacteria","Planctomycetota","Phycisphaerae","MSBL9","L21-RPul-D3",NA,NA
"de5dee5f6fee7ae38d41ca3f5bea580a","d__Bacteria","Planctomycetota","Phycisphaerae","MSBL9","SM23-30",NA,NA
"e06f7cc33d7304c1d66deb0e25baf3da","d__Bacteria","Planctomycetota","Phycisphaerae","Phycisphaerales","AKAU3564_sediment_group",NA,NA
"73725ff8ba9a4e6ba1e5a64ce35a2d2c","d__Bacteria","Planctomycetota","Phycisphaerae","mle1-8","mle1-8",NA,NA
"63de6bf7b8eaa272ff211e396ef58ac4","d__Bacteria","Planctomycetota","Pla4_lineage","Pla4_lineage","Pla4_lineage",NA,NA
"a1fb1dd8bcdcf55aa48bdaa4c9556487","d__Bacteria","Planctomycetota","028H05-P-BN-P5","028H05-P-BN-P5","028H05-P-BN-P5",NA,NA
"646f080addcec294b75a9fef46cb6834","d__Bacteria","Planctomycetota","BD7-11","BD7-11","BD7-11",NA,NA
"1bca333db9a0c9627cf59e0f82b23848","d__Bacteria","Planctomycetota","Unclassified Planctomycetota","Unclassified Planctomycetota","Unclassified Planctomycetota",NA,NA
"122211db3ffd3f79121d1f39865c9fb6","d__Bacteria","Planctomycetota","Pla3_lineage","Pla3_lineage","Pla3_lineage",NA,NA
"d078acd6a90bb5bed5cd9e33f989573c","d__Bacteria","Nitrospirota","Thermodesulfovibrionia","uncultured","uncultured",NA,NA
"20a8e2b95b95737dd19c695ffb9d1894","d__Bacteria","Nitrospirota","Thermodesulfovibrionia","Magnetobacteriales","Magnetobacteriaceae",NA,NA
"f15a865328c135b277c721b83a3e12ed","d__Bacteria","Calditrichota","Calditrichia","Calditrichales","Calditrichaceae",NA,NA
"f75280d78a92a7a059bc8406a7c12131","d__Bacteria","Elusimicrobiota","Elusimicrobia","Elusimicrobiales","Elusimicrobiaceae",NA,NA
"861255c12d63ec16876bd1b62358df9c","d__Bacteria","Armatimonadota","Fimbriimonadia","Fimbriimonadales","Fimbriimonadaceae",NA,NA
"f04132d55bff02f1873ae4caa2098dbe","d__Bacteria","WS2","WS2","WS2","WS2",NA,NA
"6ae72cc874eecb262bef6643a3d13f72","d__Bacteria","Abditibacteriota","Abditibacteria","Abditibacteriales","Abditibacteriaceae",NA,NA
"97dbd84dfe8dde30c202ce752ffddb97","d__Bacteria","Elusimicrobiota","Lineage_IIb","Lineage_IIb","Lineage_IIb",NA,NA
"bfeec0f8e2ef51e9038315bdbc1e642b","d__Bacteria","Elusimicrobiota","Elusimicrobia","MVP-88","MVP-88",NA,NA
"9e5cb70a587209c4fd08d7547fd555fa","d__Bacteria","Elusimicrobiota","Unclassified Elusimicrobiota","Unclassified Elusimicrobiota","Unclassified Elusimicrobiota",NA,NA
"0cce7f24a56349bad161b40bddedcbff","d__Archaea","Nanoarchaeota","Nanoarchaeia","Woesearchaeales","SCGC_AAA011-D5",NA,NA
"ce2310b102eebe0970417c34ac4ecbb7","d__Archaea","Nanoarchaeota","Nanoarchaeia","Woesearchaeales","Unclassified Woesearchaeales",NA,NA
"84355e5cb3964a64c788cc146f8aab52","d__Archaea","Nanoarchaeota","Nanoarchaeia","Woesearchaeales","GW2011_GWC1_47_15",NA,NA
"2d37ab728b83189bd97f8c8df230014e","d__Archaea","Nanoarchaeota","Nanoarchaeia","Woesearchaeales","SCGC_AAA286-E23",NA,NA
"99703caf1c79276561a956533237e4d0","d__Archaea","Nanoarchaeota","Nanoarchaeia","Woesearchaeales","Woesearchaeales",NA,NA
"873349c80d5adb51f8fb196ad1d82a9b","d__Archaea","Aenigmarchaeota","Deep_Sea_Euryarchaeotic_Group(DSEG)","Deep_Sea_Euryarchaeotic_Group(DSEG)","Deep_Sea_Euryarchaeotic_Group(DSEG)",NA,NA
"1a995a3d3989a15aa24c4da73d292106","d__Archaea","Aenigmarchaeota","Aenigmarchaeia","Aenigmarchaeales","Aenigmarchaeales",NA,NA
"a9522bdd6442f22e89e89ad500f3ae05","d__Archaea","Thermoplasmatota","Thermoplasmata","uncultured","uncultured",NA,NA
"1dcb18156fff6ebd64ab9934070cc805","d__Archaea","Thermoplasmatota","Thermoplasmata","SG8-5","SG8-5",NA,NA
"3900f8b698f6a082561aa928354646e1","d__Archaea","Thermoplasmatota","Thermoplasmata","Marine_Group_II","Marine_Group_II",NA,NA
"ccc246c00f5536f8f73307912b7eae2c","d__Archaea","Thermoplasmatota","Thermoplasmata","Thermoplasmata","Thermoplasmata",NA,NA
"6bffbe133f53e69b023cc26de1e27521","d__Archaea","Thermoplasmatota","Thermoplasmata","Marine_Benthic_Group_D_and_DHVEG-1","Marine_Benthic_Group_D_and_DHVEG-1",NA,NA
"762b75e152453a227d563540aa6264dc","d__Archaea","Halobacterota","Methanosarcinia","Methanosarciniales","Methanosarcinaceae",NA,NA
"b97961d3699b5a178686f6d4c29873f8","d__Archaea","Halobacterota","Halobacteria","Halobacterales","Halomicrobiaceae",NA,NA
"b4ab64f0782de0ed7bbb5c6f52c1944c","d__Archaea","Halobacterota","Halobacteria","Halobacterales","Haloferacaceae",NA,NA
"5bff0f03e617fa61eb22e05f703b0fa9","d__Archaea","Halobacterota","Halobacteria","Halobacterales","Halococcaceae",NA,NA
"fdb59790f90957b5482f85ed49196ecb","d__Archaea","Iainarchaeota","Iainarchaeia","Iainarchaeales","Iainarchaeales",NA,NA
"556dfecc457f213b8113d210cbe7c928","d__Archaea","Crenarchaeota","Bathyarchaeia","Bathyarchaeia","Bathyarchaeia",NA,NA
"ab4498f2880c9a8e39ac4c0b6a525cc5","d__Archaea","Asgardarchaeota","Lokiarchaeia","Lokiarchaeia","Lokiarchaeia",NA,NA
"19689bce160eddc06cb8ccdbd2b21a90","d__Archaea","Crenarchaeota","Nitrososphaeria","Nitrososphaerales","Nitrososphaeraceae",NA,NA
"5842b3e9edadecfeeac34cee8e6b8861","d__Archaea","Crenarchaeota","Nitrososphaeria","Group_1.1c","Group_1.1c",NA,NA
"4c52eebca3710ffc5dac6160558c2131","d__Archaea","Crenarchaeota","Nitrososphaeria","Nitrosopumilales","Nitrosopumilaceae",NA,NA
"61f07328c0620f1ddda897628088f31b","d__Bacteria","Patescibacteria","Gracilibacteria","JGI_0000069-P22","JGI_0000069-P22",NA,NA
"3006f53685535dce6bf56b011715867d","d__Bacteria","Patescibacteria","Gracilibacteria","Unclassified Gracilibacteria","Unclassified Gracilibacteria",NA,NA
"228154cc4b146cf0c11791ea91d161e9","d__Bacteria","Patescibacteria","Gracilibacteria","Candidatus_Abawacabacteria","Candidatus_Abawacabacteria",NA,NA
"3c84479246b9d742d4dde5a575ba8328","d__Bacteria","Patescibacteria","Gracilibacteria","Gracilibacteria","Gracilibacteria",NA,NA
"c69e0de0df1e0a03af608daa7f87858f","d__Bacteria","Patescibacteria","Gracilibacteria","Candidatus_Peregrinibacteria","Candidatus_Peregrinibacteria",NA,NA
"90aa4412dc2917807b6686dbba77ecc7","d__Bacteria","Patescibacteria","Gracilibacteria","Candidatus_Peribacteria","Candidatus_Peribacteria",NA,NA
"58c5a7e054f92b69745348b5a6159544","d__Bacteria","Patescibacteria","Kazania","Kazania","Kazania",NA,NA
"6bf9b56e13e2a4df40028f53b690273d","d__Bacteria","Patescibacteria","Unclassified Patescibacteria","Unclassified Patescibacteria","Unclassified Patescibacteria",NA,NA
"05240d4243765be5c1c1fb5a8b287075","d__Bacteria","Patescibacteria","Saccharimonadia","Saccharimonadales","LWQ8",NA,NA
"db2f14ebda98eb480599dc6497dce0d8","d__Bacteria","Patescibacteria","Saccharimonadia","Saccharimonadales","Saccharimonadales",NA,NA
"7d38bafed245b3709630ca3b3e9443bc","d__Bacteria","Patescibacteria","Saccharimonadia","Saccharimonadales","Saccharimonadaceae",NA,NA
"1b8dba8f3564428bdb1116fa3dc8ec97","d__Bacteria","Patescibacteria","Parcubacteria","Parcubacteria","Parcubacteria",NA,NA
"6d87d34d412c2b3bc0f2bbf2bc28a8ed","d__Bacteria","Patescibacteria","Parcubacteria","GWA2-38-13b","GWA2-38-13b",NA,NA
"3fa5c277febd995b26ff0ba1af03ff72","d__Bacteria","Patescibacteria","ABY1","Candidatus_Falkowbacteria","Candidatus_Falkowbacteria",NA,NA
"4c03a6012b66cc577f1c6c89b4eab750","d__Bacteria","Patescibacteria","ABY1","Candidatus_Komeilibacteria","Candidatus_Komeilibacteria",NA,NA
"430b8163ac67d64879e3ce9db3e5a058","d__Bacteria","Patescibacteria","ABY1","Candidatus_Buchananbacteria","Candidatus_Buchananbacteria",NA,NA
"02d479164d623dee8db60aad2d5e50d8","d__Bacteria","Patescibacteria","ABY1","Unclassified ABY1","Unclassified ABY1",NA,NA
"4b5bbb556247a58aa639d71ae9bb0ac6","d__Bacteria","Patescibacteria","ABY1","Candidatus_Kerfeldbacteria","Candidatus_Kerfeldbacteria",NA,NA
"5ea644138e483ad5b1723b1d548b2ee8","d__Bacteria","Patescibacteria","ABY1","Candidatus_Magasanikbacteria","Candidatus_Magasanikbacteria",NA,NA
"b8f51dca53bbedf89d03423fdb369f92","d__Bacteria","Patescibacteria","ABY1","Candidatus_Uhrbacteria","Candidatus_Uhrbacteria",NA,NA
"4fe03e4907f00bf458f3186441a6f543","d__Bacteria","Patescibacteria","Microgenomatia","Candidatus_Chisholmbacteria","Candidatus_Chisholmbacteria",NA,NA
"2485e63fd257603ac99468f2baab3e20","d__Bacteria","Patescibacteria","Microgenomatia","Unclassified Microgenomatia","Unclassified Microgenomatia",NA,NA
"9cebfed3e1f558c8f1d0dffed98711a6","d__Bacteria","Patescibacteria","Microgenomatia","Candidatus_Pacebacteria","Candidatus_Pacebacteria",NA,NA
"9aefa579b8d4124c17256d943d6674e7","d__Bacteria","Patescibacteria","Microgenomatia","Candidatus_Woesebacteria","Candidatus_Woesebacteria",NA,NA
"8a39607ea83d5f347d8225a2d165eba2","d__Bacteria","Patescibacteria","Gracilibacteria","Absconditabacteriales_(SR1)","Absconditabacteriales_(SR1)",NA,NA
"e9090820e0e6560ffda92b4763cd6841","d__Bacteria","Patescibacteria","Microgenomatia","Candidatus_Curtissbacteria","Candidatus_Curtissbacteria",NA,NA
"65ecab86abc9a67b5af4672dbca03d04","d__Bacteria","Patescibacteria","Microgenomatia","Candidatus_Woykebacteria","Candidatus_Woykebacteria",NA,NA
"2bf2a019b958b2d246e114cffdc16195","d__Bacteria","Bacteroidota","Bacteroidia","Cytophagales","Microscillaceae",NA,NA
"943c25a115267fddb11410590c16b7e2","d__Bacteria","Firmicutes","Clostridia","Oscillospirales","Oscillospiraceae",NA,NA
"92ea04e5f99479c6e135a2ccfcb54902","d__Bacteria","Verrucomicrobiota","Chlamydiae","Chlamydiales","Parachlamydiaceae",NA,NA
"90599d3f17243caf1f6fc0af0d09cc39","d__Bacteria","Verrucomicrobiota","Chlamydiae","Chlamydiales","Unclassified Chlamydiales",NA,NA
"cce6951a3ac86c0693bb7b97356050b6","d__Bacteria","Verrucomicrobiota","Chlamydiae","Chlamydiales","Chlamydiaceae",NA,NA
"2e2e81d43ad2f69f25cb25234f69159b","d__Bacteria","Verrucomicrobiota","Chlamydiae","Chlamydiales","Simkaniaceae",NA,NA
"8f03312fee49b2e736d0a5625b0b99a4","d__Bacteria","Verrucomicrobiota","Chlamydiae","Chlamydiales","cvE6",NA,NA
"e34d087a1f427e00a92a8fab489634a5","d__Bacteria","Acidobacteriota","Blastocatellia","Blastocatellales","Blastocatellaceae",NA,NA
"546b3eed0a8d2271a4ce1669ef00dcfc","d__Bacteria","Verrucomicrobiota","Verrucomicrobiae","Unclassified Verrucomicrobiae","Unclassified Verrucomicrobiae",NA,NA
"1a6d25d57cc4a24f47a1f3993722c047","d__Bacteria","Verrucomicrobiota","Verrucomicrobiae","Methylacidiphilales","Methylacidiphilaceae",NA,NA
"0660b8b3c6aee11e6a7a3a6bd9937cfb","d__Bacteria","Verrucomicrobiota","Verrucomicrobiae","Chthoniobacterales","Unclassified Chthoniobacterales",NA,NA
"5ab3ac21a6ac7e5becb7f5e104ad145c","d__Bacteria","Verrucomicrobiota","Verrucomicrobiae","Chthoniobacterales","Chthoniobacteraceae",NA,NA
"e3bbabc88c081feaebd8a0a80ed17f0e","d__Bacteria","Verrucomicrobiota","Verrucomicrobiae","Verrucomicrobiales","Verrucomicrobiaceae",NA,NA
"bbe93dea1074b7fa355e1d327e3c0350","d__Bacteria","Verrucomicrobiota","Verrucomicrobiae","Pedosphaerales","Pedosphaeraceae",NA,NA
"dbe2b005f16ed0ed01642530ef5085ea","d__Bacteria","Acidobacteriota","Aminicenantia","Aminicenantales","Aminicenantales",NA,NA
"bd1729b21e8827625b1b8e3e827c9f2d","d__Bacteria","Actinobacteriota","Unclassified Actinobacteriota","Unclassified Actinobacteriota","Unclassified Actinobacteriota",NA,NA
"af3448aca61fdeaced9fa917aaa25a20","d__Bacteria","Firmicutes","Clostridia","Clostridia_UCG-014","Clostridia_UCG-014",NA,NA
"7151dc6b2309746a73f353d883caaddd","d__Bacteria","Firmicutes","Clostridia","Oscillospirales","Ruminococcaceae",NA,NA
"4a3369c09b47b48a590dd2a528cac6c7","d__Bacteria","Firmicutes","Clostridia","Clostridia","Hungateiclostridiaceae",NA,NA
"aeadbe4606b81b798efc9d064743b99c","d__Bacteria","Firmicutes","Clostridia","uncultured","uncultured",NA,NA
"3ff88b94cfe1568dae74110ad9b7708a","d__Bacteria","Firmicutes","Clostridia","Clostridiales","Unclassified Clostridiales",NA,NA
"c0e9873e2ae9aa68b2956e3fe1b9acc6","d__Bacteria","Firmicutes","Clostridia","Clostridiales","Clostridiaceae",NA,NA
"051e985def7c92bf580c21b5696ab403","d__Bacteria","Firmicutes","Limnochordia","Limnochordia","Limnochordia",NA,NA
"501b136c2616fb101dc2b49385fd67d9","d__Bacteria","Firmicutes","Negativicutes","Veillonellales-Selenomonadales","Sporomusaceae",NA,NA
"480d3e85f6c0efebb9d41020867f6577","d__Bacteria","Firmicutes","Negativicutes","Veillonellales-Selenomonadales","Veillonellaceae",NA,NA
"c528d6ae45594477fc782148578e08e9","d__Bacteria","Firmicutes","Unclassified Firmicutes","Unclassified Firmicutes","Unclassified Firmicutes",NA,NA
"673e79187f1ab7fb9db363e5e94aaf2f","d__Bacteria","Firmicutes","Clostridia","Clostridia_vadinBB60_group","Clostridia_vadinBB60_group",NA,NA
"4f8809fe4a32e75b629a9f053dd03c15","d__Bacteria","Firmicutes","Limnochordia","MBA03","MBA03",NA,NA
"c81fd45b2d7cd883c05cabf7e71ab44f","d__Bacteria","Firmicutes","Clostridia","Christensenellales","Christensenellaceae",NA,NA
"84db1c7009a4b9b1769713a9481f6f59","d__Bacteria","Firmicutes","Clostridia","Clostridia","Gracilibacteraceae",NA,NA
"a818ce82652e8d49c328122bacf361d6","d__Bacteria","Firmicutes","Clostridia","Oscillospirales","UCG-010",NA,NA
"280501bc77618431f2f540b9b55d9821","d__Bacteria","Firmicutes","Clostridia","Lachnospirales","Lachnospiraceae",NA,NA
"ebfd49a81be4c102fdf02837f8865a5b","d__Bacteria","Firmicutes","TSAC18","TSAC18","TSAC18",NA,NA
"396601689846acbb2a8d413e1916fd17","d__Bacteria","Firmicutes","Clostridia","Caldicoprobacterales","Caldicoprobacteraceae",NA,NA
"49e2566d25a33c43812619a7e194f4d8","d__Bacteria","Firmicutes","Bacilli","Thermoactinomycetales","Thermoactinomycetaceae",NA,NA
"ac8b0f66940758e6b4141b689a31b5e4","d__Bacteria","Chloroflexi","Chloroflexia","Thermomicrobiales","JG30-KF-CM45",NA,NA
"da476b41a2016725cf0d0dbc048f1f30","d__Bacteria","Firmicutes","Symbiobacteriia","Symbiobacteriales","Symbiobacteraceae",NA,NA
"13aff901e9a084b39240f3fe567bc1f1","d__Bacteria","Firmicutes","Dethiobacteria","Dethiobacterales","Dethiobacteraceae",NA,NA
"cee5aa901141263101de4f2485ea0c9a","d__Bacteria","Halanaerobiaeota","Halanaerobiia","Halanaerobiales","Halobacteroidaceae",NA,NA
"d90e6f91aa21872da6ececfeaa22d020","d__Bacteria","Fibrobacterota","Fibrobacteria","Fibrobacterales","Unclassified Fibrobacterales",NA,NA
"44dc3c3e2a6da131c70b2885aac2df52","d__Bacteria","Fibrobacterota","Fibrobacteria","Fibrobacterales","TG3",NA,NA
"cb766720a9f45a93217b1a5fcc980ff8","d__Bacteria","Spirochaetota","Leptospirae","Leptospirales","Leptospiraceae",NA,NA
"5785cc7bed8de498236d3349d4dd3256","d__Bacteria","Firmicutes","Clostridia","Thermincolales","Thermincolaceae",NA,NA
"1453473c93abe354ba5bcff2093fc5d6","d__Bacteria","Firmicutes","Desulfotomaculia","Desulfotomaculales","Desulfallas-Sporotomaculum",NA,NA
"1701b8a2db44b8d6e20fbbcae9ee8f58","d__Bacteria","Firmicutes","Clostridia","Peptococcales","Peptococcaceae",NA,NA
"ddd1bdab12c5b21e8b67e169b8ee05b9","d__Bacteria","Gemmatimonadota","AKAU4049","AKAU4049","AKAU4049",NA,NA
"b693e5061e163649e4c41a703db94924","d__Bacteria","PAUC34f","PAUC34f","PAUC34f","PAUC34f",NA,NA
"9e5cd31a9c6b0b155cddc59cd1c3c788","d__Bacteria","Zixibacteria","Zixibacteria","Zixibacteria","Zixibacteria",NA,NA
"0da10e6beadad004ffb8761918df60c7","d__Bacteria","Cloacimonadota","Cloacimonadia","Cloacimonadales","MSBL8",NA,NA
"4e37b83aea3eb5e233f897bc64d0050d","d__Bacteria","Proteobacteria","Zetaproteobacteria","Mariprofundales","Mariprofundaceae",NA,NA
"ca4c0b3b6ae4415c8c33acad70393309","d__Bacteria","Latescibacterota","Latescibacteria","Latescibacterales","Latescibacteraceae",NA,NA
"e1b46a922d61d2243251505947ac0b84","d__Bacteria","Spirochaetota","Brachyspirae","Brachyspirales","LH041",NA,NA
"9cd68afe54bdaf89ec3605c424e95b54","d__Bacteria","Spirochaetota","Spirochaetia","Spirochaetales","Spirochaetaceae",NA,NA
"9416871c4dfb65a9ea41b13dee500037","d__Bacteria","Poribacteria","Poribacteria","Poribacteria","Poribacteria",NA,NA
"d7c455ee5e3819d863c04e2782869415","d__Bacteria","FCPU426","FCPU426","FCPU426","FCPU426",NA,NA
"fad6e22b244c8bd1800a8090ecd6ea57","d__Bacteria","Latescibacterota","Unclassified Latescibacterota","Unclassified Latescibacterota","Unclassified Latescibacterota",NA,NA
"7332012f62fcce1c40ef4ee5c5912068","d__Bacteria","Actinobacteriota","Rubrobacteria","Rubrobacterales","Rubrobacteriaceae",NA,NA
"32084126c9ee0545fdbd5516d8e07397","d__Bacteria","Actinobacteriota","Thermoleophilia","Gaiellales","uncultured",NA,NA
"5293f360cacdbc75adb2fa402322ab69","d__Bacteria","Actinobacteriota","Thermoleophilia","Solirubrobacterales","67-14",NA,NA
"b07705d85e41d938e7b353cae1474775","d__Bacteria","Actinobacteriota","Thermoleophilia","Solirubrobacterales","Solirubrobacteraceae",NA,NA
"2b3fe99f3c9b74e2a5b4e1134d37256b","d__Bacteria","Actinobacteriota","Thermoleophilia","Gaiellales","Gaiellaceae",NA,NA
"4180222b295ead4363ce9aabbe3aa282","d__Bacteria","Actinobacteriota","Actinobacteria","Euzebyales","Euzebyaceae",NA,NA
"692753342668f5128b40ddddbb0a4d0a","d__Bacteria","Actinobacteriota","Actinobacteria","PeM15","PeM15",NA,NA
"0afb606fef4e3626983561132a6a4626","d__Bacteria","Actinobacteriota","Actinobacteria","Frankiales","Unclassified Frankiales",NA,NA
"067e63cece4c5e90e432ea6801251817","d__Bacteria","Actinobacteriota","Actinobacteria","Frankiales","Sporichthyaceae",NA,NA
"aadcfaa497ffd5728802276c42edbc98","d__Bacteria","Actinobacteriota","Actinobacteria","Frankiales","Nakamurellaceae",NA,NA
"5e584a927e8f246d06d0945df3ab7a4d","d__Bacteria","Actinobacteriota","Actinobacteria","Streptomycetales","Streptomycetaceae",NA,NA
"d722fdf200ddd5ba01acd3d944a07a19","d__Bacteria","Actinobacteriota","Actinobacteria","Streptosporangiales","Nocardiopsaceae",NA,NA
"dd02243c4135db68834b9e0d5666e310","d__Bacteria","Actinobacteriota","Actinobacteria","Streptosporangiales","Thermomonosporaceae",NA,NA
"19f2dc3477f84999369f99d59898b7bf","d__Bacteria","Actinobacteriota","Actinobacteria","Pseudonocardiales","Pseudonocardiaceae",NA,NA
"f5e8315936799b98e4636f70f95b0d7a","d__Bacteria","Actinobacteriota","Actinobacteria","Frankiales","Geodermatophilaceae",NA,NA
"eab31fca8b7db827b207b2ca912f8eeb","d__Bacteria","Actinobacteriota","Actinobacteria","Corynebacteriales","Nocardiaceae",NA,NA
"71c4355367addcb4ec127dcd4252fed0","d__Bacteria","Actinobacteriota","Actinobacteria","Corynebacteriales","Dietziaceae",NA,NA
"1623c46bcbc817586080866a2fb0c5d5","d__Bacteria","Actinobacteriota","Actinobacteria","Corynebacteriales","Corynebacteriaceae",NA,NA
"0c620b721bacb3848f0ca8c911547771","d__Bacteria","Actinobacteriota","Actinobacteria","Corynebacteriales","Mycobacteriaceae",NA,NA
"99f68cef3e14f63ed840b329d7bb30df","d__Bacteria","Actinobacteriota","Actinobacteria","Micrococcales","Brevibacteriaceae",NA,NA
"c44e475e189180a2806a479144ac1643","d__Bacteria","Actinobacteriota","Actinobacteria","Micrococcales","Micrococcaceae",NA,NA
"8769314e714e3c78d1a7cb3601ca5cd7","d__Bacteria","Actinobacteriota","Actinobacteria","Micrococcales","Intrasporangiaceae",NA,NA
"893990ed85cdfc6b5848ccb5351c6d4c","d__Bacteria","Actinobacteriota","Actinobacteria","Micrococcales","Dermabacteraceae",NA,NA
"f3b592ad35275413cc8d8ba23388a8c9","d__Bacteria","Actinobacteriota","Actinobacteria","Micrococcales","Dermacoccaceae",NA,NA
"23b2a24b9268ecfee5394a07fa6a4848","d__Bacteria","Actinobacteriota","Actinobacteria","Unclassified Actinobacteria","Unclassified Actinobacteria",NA,NA
"8224f10551efb49d49adc05482015eb5","d__Bacteria","Actinobacteriota","Actinobacteria","Actinomycetales","Actinomycetaceae",NA,NA
"15faca6e47988b4fb3648dda6c216bc0","d__Bacteria","Actinobacteriota","Actinobacteria","Bifidobacteriales","Bifidobacteriaceae",NA,NA
"f6bd8449da9f95521def8a5aa8f346d6","d__Bacteria","Actinobacteriota","Actinobacteria","Kineosporiales","Kineosporiaceae",NA,NA
"a7e2678db3c9581cacbc988a9de404ff","d__Bacteria","Actinobacteriota","Actinobacteria","Micrococcales","Microbacteriaceae",NA,NA
"db2848b5ddf00d5348d99c52b3d6e88b","d__Bacteria","Actinobacteriota","Actinobacteria","Micrococcales","Cellulomonadaceae",NA,NA
"2ae5d6cfe885b43df96d8db99f97e108","d__Bacteria","Actinobacteriota","Actinobacteria","Micrococcales","Bogoriellaceae",NA,NA
"5f54a34d849fbb050f1494d804b2f0d8","d__Bacteria","Actinobacteriota","Actinobacteria","Frankiales","uncultured",NA,NA
"ad019f8adf7469a977ad6844037a87f7","d__Bacteria","Actinobacteriota","Actinobacteria","Micromonosporales","Micromonosporaceae",NA,NA
"1670550f481c19eb3590831a57d648ed","d__Bacteria","Actinobacteriota","Actinobacteria","Propionibacteriales","Nocardioidaceae",NA,NA
"556324a02157c84309b8a0b302a1c559","d__Bacteria","Actinobacteriota","Actinobacteria","Propionibacteriales","Propionibacteriaceae",NA,NA
"f015df7295ee5ee77b0620d2fa5eadb4","d__Bacteria","Actinobacteriota","Acidimicrobiia","Microtrichales","Unclassified Microtrichales",NA,NA
"8957034b284656006c7c5631dfc6b45c","d__Bacteria","Actinobacteriota","Acidimicrobiia","uncultured","uncultured",NA,NA
"6ac01a253b59360282b5b36405977f7c","d__Bacteria","Actinobacteriota","Acidimicrobiia","Microtrichales","uncultured",NA,NA
"45233667104bf4e73671dd1c315930a4","d__Bacteria","Actinobacteriota","Acidimicrobiia","Microtrichales","Ilumatobacteraceae",NA,NA
"477307a4291f173875691216183ec4c3","d__Bacteria","Actinobacteriota","Acidimicrobiia","Microtrichales","Iamiaceae",NA,NA
"8ea1f1b71b6b9fa9474f6d1c0319342d","d__Bacteria","Actinobacteriota","Acidimicrobiia","Unclassified Acidimicrobiia","Unclassified Acidimicrobiia",NA,NA
"b969fd3801f8cde689392fa62e926473","d__Bacteria","Actinobacteriota","Acidimicrobiia","IMCC26256","IMCC26256",NA,NA
"86b66d843767b5b785fa66633beaeba4","d__Bacteria","Actinobacteriota","Acidimicrobiia","Microtrichales","Microtrichaceae",NA,NA
"cf95e57fcce8a52107740cb4827dfd46","d__Bacteria","Actinobacteriota","Acidimicrobiia","Actinomarinales","uncultured",NA,NA
"8acfb35d46b577dfccb25e203087452b","d__Bacteria","Actinobacteriota","Acidimicrobiia","Actinomarinales","Actinomarinaceae",NA,NA
"f75747aeda741b5c4d47ba64bc003681","d__Bacteria","Actinobacteriota","Coriobacteriia","Coriobacteriales","Coriobacteriaceae",NA,NA
"6c1b4321c113a73ed8844b5bd6f5de91","d__Bacteria","Actinobacteriota","Coriobacteriia","Coriobacteriales","Atopobiaceae",NA,NA
"5e8c954ab238a046df1b5aa283ee6722","d__Bacteria","Actinobacteriota","Coriobacteriia","OPB41","OPB41",NA,NA
"c5c41c717a3509351f8bf4c2288582fe","d__Bacteria","Firmicutes","Bacilli","Alicyclobacillales","Alicyclobacillaceae",NA,NA
"8cc62579660ced4815eedb708b966a92","d__Bacteria","WPS-2","WPS-2","WPS-2","WPS-2",NA,NA
"d1ac1f9d71bac60fb91699125d82e65c","d__Bacteria","TA06","TA06","TA06","TA06",NA,NA
"e0bc8fc80a175a290f81f9d574a869f8","d__Bacteria","Planctomycetota","Planctomycetes","Isosphaerales","Isosphaeraceae",NA,NA
"1ecc239307b7b04198ce99e66fb5d381","d__Bacteria","Planctomycetota","Planctomycetes","Gemmatales","Gemmataceae",NA,NA
"57c44c579dba181241ab8c72e3b632c5","d__Bacteria","Planctomycetota","Planctomycetes","Unclassified Planctomycetes","Unclassified Planctomycetes",NA,NA
"77ebd991fd6bdeab0f461dd2a0b5e773","d__Bacteria","Planctomycetota","Planctomycetes","uncultured","uncultured",NA,NA
"01be1538671b3d13a25a4ea0aba18162","d__Bacteria","Planctomycetota","Planctomycetes","Planctomycetales","Rubinisphaeraceae",NA,NA
"a3a13eb4341192992b987f35969696dc","d__Bacteria","Planctomycetota","Planctomycetes","Planctomycetales","uncultured",NA,NA
"dbe154fab26b7f9d4451146c0e9b4e61","d__Bacteria","Planctomycetota","Planctomycetes","Planctomycetales","Gimesiaceae",NA,NA
"38a8234d5a0fa8fc6ebe88ecc1fb1ffd","d__Bacteria","Planctomycetota","Planctomycetes","Planctomycetales","Unclassified Planctomycetales",NA,NA
"a4a4d436e5d14678ef09e99f12994080","d__Bacteria","Planctomycetota","Planctomycetes","Pirellulales","Pirellulaceae",NA,NA
"e3826ab58cb555061ee7e72af52a3a5c","d__Bacteria","Chloroflexi","Anaerolineae","Unclassified Anaerolineae","Unclassified Anaerolineae",NA,NA
"73f532d3524432c151a9df3429addad2","d__Bacteria","Firmicutes","Thermaerobacteria","Thermaerobacterales","Thermaerobacteraceae",NA,NA
"c1c3e5c8f52f718df31dd119d46a3a3e","d__Bacteria","Acidobacteriota","Acidobacteriae","Bryobacterales","Bryobacteraceae",NA,NA
"ae12f69470f52e117e446889105f8b7f","d__Bacteria","Acidobacteriota","Acidobacteriae","PAUC26f","PAUC26f",NA,NA
"c5451b005e51b66e27a5665626c86772","d__Bacteria","Acidobacteriota","Acidobacteriae","Subgroup_13","Subgroup_13",NA,NA
"628d21f01fae1efd5fe4f425776893ec","d__Bacteria","Elusimicrobiota","Elusimicrobia","Lineage_IV","Lineage_IV",NA,NA
"5cde07c1db791ae92bd40f8e944e2a93","d__Bacteria","Sumerlaeota","Sumerlaeia","Sumerlaeales","Sumerlaeaceae",NA,NA
"96f6066ea638983d9a9d8059e56ed783","d__Bacteria","Nitrospirota","Nitrospiria","Nitrospirales","Nitrospiraceae",NA,NA
"d40548b6409b4bcf86548f23ce562e9b","d__Bacteria","Chloroflexi","Dehalococcoidia","Unclassified Dehalococcoidia","Unclassified Dehalococcoidia",NA,NA
"1c6c9880f8c426332f5bfc3622fe4600","d__Bacteria","Chloroflexi","Dehalococcoidia","S085","S085",NA,NA
"6d41aac32108ae72f4d52ea1b5754cf6","d__Bacteria","Firmicutes","Thermoanaerobacteria","Caldicellulosiruptorales","Caldicellulosiraptoraceae",NA,NA
"2fb1c224d22ae631ea8852648d48f4aa","d__Bacteria","Acidobacteriota","Acidobacteriae","Acidobacteriales","Acidobacteriaceae_(Subgroup_1)",NA,NA
"0b2c7756267bcffd1a5256bf2e259ad7","d__Bacteria","Caldatribacteriota","JS1","JS1","JS1",NA,NA
"d9e90f609f580d2d82e279374f1c4bd7","d__Bacteria","Firmicutes","Clostridia","Unclassified Clostridia","Unclassified Clostridia",NA,NA
"100b5959723da4ad6928816ec7d8204c","d__Bacteria","Chloroflexi","TK17","TK17","TK17",NA,NA
"726e90a595eb4e82b88c70f3de4db05f","d__Bacteria","Chloroflexi","Dehalococcoidia","SAR202_clade","SAR202_clade",NA,NA
"68c19340915c8725b910ad49d0020437","d__Bacteria","Chloroflexi","OLB14","OLB14","OLB14",NA,NA
"2830446b438d331e39500e8f7fcd851a","d__Bacteria","Chloroflexi","Unclassified Chloroflexi","Unclassified Chloroflexi","Unclassified Chloroflexi",NA,NA
"13410e4186436f3e36ebd90be22dcf49","d__Bacteria","Chloroflexi","JG30-KF-CM66","JG30-KF-CM66","JG30-KF-CM66",NA,NA
"e2d13532ad0adc369417074427ef8991","d__Bacteria","Chloroflexi","Chloroflexia","Chloroflexales","Chloroflexaceae",NA,NA
"c0e08ca9ec0c16361a02e79951eb6409","d__Bacteria","Chloroflexi","Chloroflexia","Thermomicrobiales","AKYG1722",NA,NA
"34e332966ab834ce56dfa3d114a153bc","d__Bacteria","Chloroflexi","Chloroflexia","Chloroflexales","Roseiflexaceae",NA,NA
"9712b94d254caa64828d2113bc2248c9","d__Bacteria","Chloroflexi","TK10","TK10","TK10",NA,NA
"c5ea83f4ca1a85332d75649dfd02bb2b","d__Bacteria","Chloroflexi","KD4-96","KD4-96","KD4-96",NA,NA
"956bad2110a2f24e9a47d6fba9fd3c67","d__Bacteria","Chloroflexi","Gitt-GS-136","Gitt-GS-136","Gitt-GS-136",NA,NA
"2816b4e1ea3f45da6b3be336dbfccfcc","d__Bacteria","Chloroflexi","Anaerolineae","Anaerolineales","Anaerolineaceae",NA,NA
"8bae9dc6086db62e70e35afc10b59432","d__Bacteria","Chloroflexi","Anaerolineae","Ardenticatenales","uncultured",NA,NA
"fa4b85057cbe38c61ed66bef5293287d","d__Bacteria","Chloroflexi","Anaerolineae","uncultured","uncultured",NA,NA
"f411cc0a026fbe2baae5f6c87f1a395b","d__Bacteria","Chloroflexi","Anaerolineae","SJA-15","SJA-15",NA,NA
"d02f0cdebf1980e806e52aac052101d5","d__Bacteria","Chloroflexi","Anaerolineae","SBR1031","A4b",NA,NA
"d0de063ec10b5fb92065e467b922eee8","d__Bacteria","Chloroflexi","Anaerolineae","SBR1031","SBR1031",NA,NA
"e21194fa9969237001c2350a4a9b8911","d__Bacteria","Chloroflexi","Anaerolineae","Caldilineales","Caldilineaceae",NA,NA
"e84937bfed53c219fedbe1366dc5b7e6","d__Bacteria","Chloroflexi","Anaerolineae","Ardenticatenales","Ardenticatenaceae",NA,NA
"455685cd1922e9ade14564a3978969ae","d__Bacteria","Chloroflexi","Dehalococcoidia","GIF9","AB-539-J10",NA,NA
"893f7fd150b20cd33a1c2abb019a0a6e","d__Bacteria","Chloroflexi","Dehalococcoidia","Sh765B-AG-111","Sh765B-AG-111",NA,NA
"1e961897494e87831c354a48b07b8ab5","d__Bacteria","Chloroflexi","Dehalococcoidia","MSBL5","MSBL5",NA,NA
"dcd1650e2b09ea6418fd0143d3be32cd","d__Bacteria","Acidobacteriota","Acidobacteriae","Unclassified Acidobacteriae","Unclassified Acidobacteriae",NA,NA
"4170ecbe79c7db689e18ef7ad481edd1","d__Bacteria","Acidobacteriota","Acidobacteriae","Acidobacteriales","uncultured",NA,NA
"109d69e09148a9757f466352851f89c8","d__Bacteria","Acidobacteriota","Acidobacteriae","Acidobacteriales","Unclassified Acidobacteriales",NA,NA
"c98b2cae3e074f25c2d436253b2abd6d","d__Bacteria","Planctomycetota","Brocadiae","Brocadiales","Scalinduaceae",NA,NA
"1162738631787faae1159ce1840dc5ff","d__Bacteria","Proteobacteria","Alphaproteobacteria","SAR11_clade","Clade_III",NA,NA
"8511011d5d12ea2a12eb9c7935ccc521","d__Bacteria","Proteobacteria","Alphaproteobacteria","SAR11_clade","Clade_II",NA,NA
"c54daf404d90526df2a2f24402d4fe15","d__Bacteria","Proteobacteria","Alphaproteobacteria","SAR11_clade","Clade_I",NA,NA
"6efde04329a22eebd69266700641d3f3","d__Bacteria","Nitrospinota","Nitrospinia","Nitrospinales","Nitrospinaceae",NA,NA
"db567b46506ed3f5226af4e3f5838a48","d__Bacteria","Myxococcota","Polyangia","PS-B29","PS-B29",NA,NA
"269285b73708c7c0096b6bb562851459","d__Bacteria","Myxococcota","Myxococcia","Myxococcales","Myxococcaceae",NA,NA
"6924d64e2bda477df3960abcfa0c2fd6","d__Bacteria","Proteobacteria","Magnetococcia","Magnetococcales","Magnetococcaceae",NA,NA
"001c5ff06bad62ce6adaf9c2899b06f2","d__Bacteria","Proteobacteria","Alphaproteobacteria","Rhizobiales","Hyphomicrobiaceae",NA,NA
"ca8b60020f8ac69b96e671ac00821cc9","d__Bacteria","Proteobacteria","Alphaproteobacteria","Rhizobiales","Methyloligellaceae",NA,NA
"698072b2983e4a8bf1c2ecf6490bd03a","d__Bacteria","Proteobacteria","Alphaproteobacteria","Parvibaculales","PS1_clade",NA,NA
"b365e66c0877d46da62a0da4df818b0f","d__Bacteria","Proteobacteria","Alphaproteobacteria","Rhodobacterales","Rhodobacteraceae",NA,NA
"0762a703a9c560488ce7e0bc9af1f200","d__Bacteria","Proteobacteria","Alphaproteobacteria","Rhodospirillales","Terasakiellaceae",NA,NA
"5772c284ab9d3f16afa73c415adbc751","d__Bacteria","Proteobacteria","Alphaproteobacteria","Rickettsiales","Rickettsiaceae",NA,NA
"9c6bf4e18ffd79ea014ae4bf919580b0","d__Bacteria","Proteobacteria","Alphaproteobacteria","Rickettsiales","SM2D12",NA,NA
"5b03ea36dcf5a45792679756bf06c71d","d__Bacteria","Desulfobacterota","Desulfobacteria","Desulfobacterales","Unclassified Desulfobacterales",NA,NA
"bce6105967d134d00b62336dfd649fbb","d__Bacteria","FW113","FW113","FW113","FW113",NA,NA
"ee1d3a126e7d84e26fe5ea4b781db5df","d__Bacteria","Desulfobacterota","Desulfobacteria","Desulfatiglandales","Desulfatiglandaceae",NA,NA
"4aaba0e53a3c2cd814d831e8e403675d","d__Bacteria","Proteobacteria","Alphaproteobacteria","Rhodospirillales","Magnetospirillaceae",NA,NA
"5db89f8e00f0494d35622f03adf72225","d__Bacteria","Proteobacteria","Alphaproteobacteria","Rhodospirillales","AEGEAN-169_marine_group",NA,NA
"39fff6fd14ba29c104812611774f793a","d__Bacteria","Proteobacteria","Alphaproteobacteria","Micavibrionales","Micavibrionaceae",NA,NA
"699d67273bcdcb26b67c11e7177ee453","d__Bacteria","Proteobacteria","Alphaproteobacteria","Micavibrionales","uncultured",NA,NA
"8bd63824ad21ae28f7c49f3731e1d51e","d__Bacteria","Desulfobacterota","Desulfobulbia","Desulfobulbales","Desulfocapsaceae",NA,NA
"ae5060fd123f19bba83bc6c71fff5901","d__Bacteria","SAR324_clade(Marine_group_B)","SAR324_clade(Marine_group_B)","SAR324_clade(Marine_group_B)","SAR324_clade(Marine_group_B)",NA,NA
"637a5b6cecdf2c1b6bccc972443e4b60","d__Bacteria","Bdellovibrionota","Bdellovibrionia","Bacteriovoracales","Bacteriovoracaceae",NA,NA
"a2a7e813771dab313bb94b7a4277e86d","d__Bacteria","Proteobacteria","Unclassified Proteobacteria","Unclassified Proteobacteria","Unclassified Proteobacteria",NA,NA
"9ea5eb11d77390ea381ce956069c4078","d__Bacteria","Proteobacteria","Alphaproteobacteria","Rhodospirillales","uncultured",NA,NA
"f967550a78053daf1359ee79893c51fe","d__Bacteria","Dadabacteria","Dadabacteriia","Dadabacteriales","Dadabacteriales",NA,NA
"fdfe40a818a99469ce800907ce0a86f3","d__Bacteria","LCP-89","LCP-89","LCP-89","LCP-89",NA,NA
"1cb9e208a4ddc1874e6312ab88f5d4cf","d__Bacteria","Marinimicrobia_(SAR406_clade)","Marinimicrobia_(SAR406_clade)","Marinimicrobia_(SAR406_clade)","Marinimicrobia_(SAR406_clade)",NA,NA
"accee5486335ff5e2da9c57a90e78551","d__Bacteria","Fibrobacterota","Fibrobacteria","Fibrobacterales","Fibrobacteraceae",NA,NA
"13edc181295be4d7edd686f3bb798dd6","d__Bacteria","Bdellovibrionota","Oligoflexia","0319-6G20","0319-6G20",NA,NA
"e7caac469df6b55bd9084e245dedb723","d__Bacteria","Proteobacteria","Alphaproteobacteria","Holosporales","Holosporaceae",NA,NA
"2f6450469cf34ecefdbfa19fdd490fb5","d__Bacteria","Firmicutes","Clostridia","Clostridiales","Caloramatoraceae",NA,NA
"c08e2c8af38674a1578f2fdc27443960","d__Bacteria","Desulfobacterota","Desulfobaccia","Desulfobaccales","Desulfobaccaceae",NA,NA
"d50d6a039922a36663f2136fd7ad8570","d__Bacteria","Proteobacteria","Alphaproteobacteria","Rickettsiales","Rickettsiales",NA,NA
"8dc6256de1c35f220af89b31351c23b3","d__Bacteria","Proteobacteria","Alphaproteobacteria","Rickettsiales","Fokiniaceae",NA,NA
"0c50729b3ffb4527cce75193e4da1057","d__Bacteria","Spirochaetota","Brevinematia","Brevinematales","Brevinemataceae",NA,NA
"d4797a2386af04283b235a6ae3b51c4f","d__Bacteria","Proteobacteria","Alphaproteobacteria","Rickettsiales","Unclassified Rickettsiales",NA,NA
"c7cb11f8b34d29b334d79724657b3f0c","d__Bacteria","Bdellovibrionota","Oligoflexia","Silvanigrellales","Silvanigrellaceae",NA,NA
"5bc8407723bedce4f96eb39d46ffb526","d__Bacteria","Campilobacterota","Campylobacteria","Campylobacterales","Campylobacteraceae",NA,NA
"5cce7d0cfd88f0f6232bba446e9c01d8","d__Bacteria","Campilobacterota","Campylobacteria","Campylobacterales","Helicobacteraceae",NA,NA
"76e26cd6079fb5cc22627281654e389a","d__Bacteria","Campilobacterota","Campylobacteria","Campylobacterales","Sulfurimonadaceae",NA,NA
"4c9be71e5649d20d953d774211d5032c","d__Bacteria","Campilobacterota","Campylobacteria","Campylobacterales","Unclassified Campylobacterales",NA,NA
"b7806ff0b01ed4f25927bd7c7dc2bb42","d__Bacteria","Campilobacterota","Campylobacteria","Campylobacterales","Sulfurovaceae",NA,NA
"7507ff30d82d173504950a0546eda6a5","d__Bacteria","Campilobacterota","Campylobacteria","Campylobacterales","Rs-M59_termite_group",NA,NA
"28827dd6c2488c5b92e7bd82f23d4688","d__Bacteria","Proteobacteria","Alphaproteobacteria","Puniceispirillales","SAR116_clade",NA,NA
"a77345395ff05b8da176f35ae38728b3","d__Bacteria","Proteobacteria","Alphaproteobacteria","Azospirillales","Inquilinaceae",NA,NA
"dd7283b018a9537ad90a90c1560ba6cb","d__Bacteria","Proteobacteria","Alphaproteobacteria","Thalassobaculales","uncultured",NA,NA
"e77e261372547615d6499984dbf6a1ab","d__Bacteria","Proteobacteria","Alphaproteobacteria","Thalassobaculales","Nisaeaceae",NA,NA
"9148e416535db86588ae823d992e90f9","d__Bacteria","Proteobacteria","Alphaproteobacteria","Thalassobaculales","Thalassobaculaceae",NA,NA
"d7fa16e61da5389737c762d63ea052e0","d__Bacteria","Proteobacteria","Alphaproteobacteria","Puniceispirillales","Unclassified Puniceispirillales",NA,NA
"cfeff6f955e6f26c5d256f4a5d18dfd8","d__Bacteria","Proteobacteria","Alphaproteobacteria","Defluviicoccales","uncultured",NA,NA
"a1b60a714117549b980739853c02b4b7","d__Bacteria","Proteobacteria","Alphaproteobacteria","Rhodospirillales","Thalassospiraceae",NA,NA
"e11826c8580779acfcb87ba15f5d9276","d__Bacteria","Proteobacteria","Alphaproteobacteria","Acetobacterales","Acetobacteraceae",NA,NA
"5524f20c8ccf4183d9c38a63e6b0e356","d__Bacteria","Proteobacteria","Alphaproteobacteria","Thalassobaculales","Unclassified Thalassobaculales",NA,NA
"84ef40f88253d8291999cf981a82cb28","d__Bacteria","Proteobacteria","Alphaproteobacteria","Elsterales","uncultured",NA,NA
"697d656c1b3137e1415d7cd7d6c0edaf","d__Bacteria","Proteobacteria","Alphaproteobacteria","Azospirillales","Azospirillaceae",NA,NA
"27df0f19fe03fb8c4cd6bb569f80159d","d__Bacteria","Proteobacteria","Alphaproteobacteria","Unclassified Alphaproteobacteria","Unclassified Alphaproteobacteria",NA,NA
"8126c740ba85d052040a0c97f5a38871","d__Bacteria","Proteobacteria","Alphaproteobacteria","Kiloniellales","Kiloniellaceae",NA,NA
"9565490e8ff4d1b84e11bfe6fce12cab","d__Bacteria","Proteobacteria","Alphaproteobacteria","Azospirillales","uncultured",NA,NA
"78a213e5564536d48c2d7406c4b0934f","d__Bacteria","Proteobacteria","Alphaproteobacteria","Kiloniellales","Fodinicurvataceae",NA,NA
"116b1cac992c327b3c2641b56b6ceddf","d__Bacteria","Proteobacteria","Alphaproteobacteria","Kiloniellales","Unclassified Kiloniellales",NA,NA
"b419d6cc09e6fd1afd658b85ef149776","d__Bacteria","Proteobacteria","Alphaproteobacteria","Kordiimonadales","uncultured",NA,NA
"0274d97b30c6c6a07596aa004ec461af","d__Bacteria","Proteobacteria","Alphaproteobacteria","Rhodospirillales","Unclassified Rhodospirillales",NA,NA
"f7bba603c91a11881db623662d9aabfa","d__Bacteria","Proteobacteria","Alphaproteobacteria","Rhodospirillales","Rhodospirillaceae",NA,NA
"2bc1d37308cde0afbae72d6aa6b7961c","d__Bacteria","Proteobacteria","Alphaproteobacteria","Caulobacterales","Caulobacteraceae",NA,NA
"f97d02de42941c037eb8a78f8695c9db","d__Bacteria","Proteobacteria","Alphaproteobacteria","Caulobacterales","Hyphomonadaceae",NA,NA
"03b43465bb0ae97bc73b549df90529cf","d__Bacteria","Proteobacteria","Alphaproteobacteria","Rhizobiales","Unclassified Rhizobiales",NA,NA
"451df824e6c3d93bcb7c65ae7d866fe0","d__Bacteria","Proteobacteria","Alphaproteobacteria","Rhizobiales","Beijerinckiaceae",NA,NA
"c1b32f286759c6dc10794fff95e0b1ac","d__Bacteria","Proteobacteria","Alphaproteobacteria","Rhizobiales","KF-JG30-B3",NA,NA
"d54a8c204b3fd20782a3e50895bb0977","d__Bacteria","Desulfobacterota","Desulfovibrionia","Desulfovibrionales","Unclassified Desulfovibrionales",NA,NA
"f938a2257b8b95faccde78d20fdd56f9","d__Bacteria","Proteobacteria","Alphaproteobacteria","Micavibrionales","Unclassified Micavibrionales",NA,NA
"57f8ce0b6379341b67d5ea95bee3cf66","d__Bacteria","Proteobacteria","Alphaproteobacteria","Rhizobiales","Rhodomicrobiaceae",NA,NA
"0dbd84d0d6a93f1cef1be9d221b85835","d__Bacteria","Proteobacteria","Alphaproteobacteria","Rhizobiales","Devosiaceae",NA,NA
"d6fec260ca9014c10cac3fbafe23eeb3","d__Bacteria","Proteobacteria","Alphaproteobacteria","Rhizobiales","Xanthobacteraceae",NA,NA
"bbc16770c881b363745bc44da638041a","d__Bacteria","Proteobacteria","Alphaproteobacteria","Caulobacterales","Parvularculaceae",NA,NA
"8fcd981e96f34df29e7c787bdee455ae","d__Bacteria","Proteobacteria","Alphaproteobacteria","NRL2","NRL2",NA,NA
"45913c603eab18a25a64f31b17f129cd","d__Bacteria","Proteobacteria","Alphaproteobacteria","AT-s3-44","AT-s3-44",NA,NA
"504c7722da75fb043c4719c82da8f7d3","d__Bacteria","Proteobacteria","Alphaproteobacteria","Defluviicoccales","Unclassified Defluviicoccales",NA,NA
"025de959295484611a4a1936f67ba2af","d__Bacteria","Proteobacteria","Alphaproteobacteria","Kordiimonadales","Iodidimonadaceae",NA,NA
"b513f8f8cfb220e523ecc17a95d630f7","d__Bacteria","Proteobacteria","Alphaproteobacteria","Defluviicoccales","Defluviicoccaceae",NA,NA
"7a3477775b040462b2affe244c6b96b1","d__Bacteria","Proteobacteria","Alphaproteobacteria","Zavarziniales","uncultured",NA,NA
"84cd71e7f1136b4c92a3d8e0332cab41","d__Bacteria","Proteobacteria","Alphaproteobacteria","Puniceispirillales","EF100-94H03",NA,NA
"a9e4d1ecb9571a2a3238e16ef3884a05","d__Bacteria","Proteobacteria","Alphaproteobacteria","SAR11_clade","Clade_IV",NA,NA
"fffa7a7f0fc012a032b367fa8a12ace1","d__Bacteria","Proteobacteria","Alphaproteobacteria","Parvibaculales","OCS116_clade",NA,NA
"8789cc1ca63c50ebdf993ed8a2b843cd","d__Bacteria","Proteobacteria","Alphaproteobacteria","Sphingomonadales","Sphingomonadaceae",NA,NA
"28a1eadb298bc8cdcaa9f8743212dba7","d__Bacteria","Proteobacteria","Alphaproteobacteria","Kordiimonadales","Kordiimonadaceae",NA,NA
"710f990584beac598ef60ef3aafa2fd2","d__Bacteria","Proteobacteria","Alphaproteobacteria","Kordiimonadales","Unclassified Kordiimonadales",NA,NA
"c92ebad47df7c279e291c605bd9047d9","d__Bacteria","Proteobacteria","Alphaproteobacteria","Rhizobiales","Rhizobiales_Incertae_Sedis",NA,NA
"f8cd269916b1a33159a6229f7d5bdd5d","d__Bacteria","Proteobacteria","Alphaproteobacteria","Sneathiellales","Sneathiellaceae",NA,NA
"29de51fe1346898ebed5a63a5d797597","d__Bacteria","Proteobacteria","Alphaproteobacteria","Rickettsiales","Anaplasmataceae",NA,NA
"cc98c4bd5e616f40432e97d8361283b8","d__Bacteria","Proteobacteria","Alphaproteobacteria","Rhizobiales","uncultured",NA,NA
"f633ecbe7f2b72f84ecb8172dc49d835","d__Bacteria","Proteobacteria","Alphaproteobacteria","Rhizobiales","Stappiaceae",NA,NA
"85b6a8484f656582cee8b36024f5761b","d__Bacteria","Proteobacteria","Alphaproteobacteria","Alphaproteobacteria_Incertae_Sedis","Unknown_Family",NA,NA
"b0669fae1649468f297c83a9eaea043e","d__Bacteria","Proteobacteria","Alphaproteobacteria","Parvibaculales","Parvibaculaceae",NA,NA
"7486245be9fb92135ca6e585432a14d1","d__Bacteria","Proteobacteria","Alphaproteobacteria","Rhizobiales","Rhizobiaceae",NA,NA
"f654a2414ded03f7f54f39121a2987f3","d__Bacteria","Proteobacteria","Alphaproteobacteria","Puniceispirillales","uncultured",NA,NA
"d5db52ed9b62a400c646b59fcb23c20b","d__Bacteria","Proteobacteria","Alphaproteobacteria","uncultured","uncultured",NA,NA
"eb72502c02ff96a6f6c6c41b65201e2f","d__Bacteria","Proteobacteria","Alphaproteobacteria","Tistrellales","Geminicoccaceae",NA,NA
"50e5ccaf882946f2c0fe3d2b149e5c63","d__Bacteria","Proteobacteria","Alphaproteobacteria","Rhodospirillales","Magnetospiraceae",NA,NA
"af1ef0dfebbfec484d7db1f8ebb10afb","d__Bacteria","Proteobacteria","Alphaproteobacteria","Rickettsiales","S25-593",NA,NA
"7fe5a9fe569cc0e367307ac4c7f135e9","d__Bacteria","Proteobacteria","Alphaproteobacteria","Rickettsiales","AB1",NA,NA
"68714dc7a862ee55ee98e12bac026823","d__Bacteria","Acidobacteriota","Vicinamibacteria","Vicinamibacterales","Unclassified Vicinamibacterales",NA,NA
"6d1590fa71f258e06f717e50bf1c7d2e","d__Bacteria","Proteobacteria","Alphaproteobacteria","Paracaedibacterales","Paracaedibacteraceae",NA,NA
"1f8405bea30eaf6415a09226e38a9836","d__Bacteria","NKB15","NKB15","NKB15","NKB15",NA,NA
"66f09e091eced9d3709412a399ee80c8","d__Bacteria","Myxococcota","Unclassified Myxococcota","Unclassified Myxococcota","Unclassified Myxococcota",NA,NA
"8ceb4d84a9c6b686ad971572f65c5559","d__Bacteria","Myxococcota","Polyangia","Nannocystales","Nannocystaceae",NA,NA
"cb7fd8cb48529d2fd504d60c2f6b1fd9","d__Bacteria","Myxococcota","Polyangia","UASB-TL25","UASB-TL25",NA,NA
"f34ace93a8b881f77277003fd31e5480","d__Bacteria","Myxococcota","Polyangia","Haliangiales","Haliangiaceae",NA,NA
"7da0f7cb7f1349f3b53d1f97479b008b","d__Bacteria","Myxococcota","Polyangia","Unclassified Polyangia","Unclassified Polyangia",NA,NA
"663a42ef81659af0117b4950d7db4f9e","d__Bacteria","Bdellovibrionota","Oligoflexia","Oligoflexales","uncultured",NA,NA
"9b579ef9e6d078c541fcd97c487a79e6","d__Bacteria","Bdellovibrionota","Oligoflexia","Oligoflexales","Oligoflexales",NA,NA
"1ae6d2d50c9ae5a36f59607aa973a99e","d__Bacteria","Verrucomicrobiota","Kiritimatiellae","WCHB1-41","WCHB1-41",NA,NA
"29ddaa10a666a1a9bb8873bb3845547a","d__Bacteria","Myxococcota","Polyangia","Polyangiales","Sandaracinaceae",NA,NA
"84c08557b2f8fa7a62129289491e4407","d__Bacteria","Desulfobacterota","Desulfuromonadia","Bradymonadales","Bradymonadales",NA,NA
"61797d1bb08d26fe4ae5a6cde871fd73","d__Bacteria","Desulfobacterota","Desulfarculia","Desulfarculales","Desulfarculaceae",NA,NA
"9ebc680f0c4d82f7c57ee081292a08e2","d__Bacteria","Myxococcota","Polyangia","Polyangiales","Phaselicystidaceae",NA,NA
"35019a4243f55b48d21ea7437fb5c439","d__Bacteria","Myxococcota","Polyangia","Polyangiales","Eel-36e1D6",NA,NA
"78884dccce28f83d8fd6247124f26dfe","d__Bacteria","Myxococcota","Polyangia","Polyangiales","Unclassified Polyangiales",NA,NA
"e0e1aa375e17885ff3244004030715ab","d__Bacteria","Myxococcota","Polyangia","Polyangiales","Polyangiaceae",NA,NA
"13554dc2ef1e7c5ab2cfbaf5ff011289","d__Bacteria","Myxococcota","Polyangia","Polyangiales","BIrii41",NA,NA
"3199ee7a60628d827fe4715a4496fb12","d__Bacteria","Proteobacteria","Alphaproteobacteria","Reyranellales","Reyranellaceae",NA,NA
"6b84d574f541c1bf39cc879c863b0182","d__Bacteria","Desulfobacterota","Desulfomonilia","Desulfomonilales","Desulfomonilaceae",NA,NA
"68001fdd948ac2b25360346dfb6c3f4e","d__Bacteria","Desulfobacterota","Desulfuromonadia","Desulfuromonadia","Syntrophotaleaceae",NA,NA
"96501f137c9decf9bb33643d818ad854","d__Bacteria","Sva0485","Sva0485","Sva0485","Sva0485",NA,NA
"ea666cc887addc946e8509fd4c9efb01","d__Bacteria","Desulfobacterota","Desulfobulbia","Desulfobulbales","Desulfobulbaceae",NA,NA
"cadd3adf560d9777ec92ae6823ecae23","d__Bacteria","Desulfobacterota","Syntrophia","Syntrophales","Unclassified Syntrophales",NA,NA
"ccf45d111d1a2994d5867646098a4650","d__Bacteria","Desulfobacterota","Desulfobacteria","Desulfobacterales","uncultured",NA,NA
"ba523091e369086364d02f682fdca787","d__Bacteria","Desulfobacterota","Desulfuromonadia","Unclassified Desulfuromonadia","Unclassified Desulfuromonadia",NA,NA
"abe510be9c332815507bb65c12b8f324","d__Bacteria","Myxococcota","Polyangia","VHS-B3-70","VHS-B3-70",NA,NA
"fcf1ae042480f0b44254e2606ecf65e4","d__Bacteria","Desulfobacterota","Desulfobulbia","Desulfobulbales","Desulfurivibrionaceae",NA,NA
"5be7d20fd7ce92908c08fd5954288e72","d__Bacteria","Myxococcota","Polyangia","MidBa8","MidBa8",NA,NA
"2fbe18fd967f718eb1a09b9c3158a412","d__Bacteria","Desulfobacterota","Desulfuromonadia","PB19","PB19",NA,NA
"1feb3e5fa85acecd787846d712ac8b7f","d__Bacteria","Deferrisomatota","Defferrisomatia","Defferrisomatales","Defferrisomataceae",NA,NA
"e9e1e9711c6239a0f71361452566a797","d__Bacteria","Desulfobacterota","Desulfuromonadia","Bradymonadales","Unclassified Bradymonadales",NA,NA
"026c1dd32c61e12186f35a2a63249efa","d__Bacteria","Desulfobacterota","Desulfobacteria","Desulfobacterales","Desulfococcaceae",NA,NA
"3878ea7b32aa82c475841ec015e8630c","d__Bacteria","Desulfobacterota","Desulfobacteria","Desulfobacterales","Desulfolunaceae",NA,NA
"1e6d69fdeef6356a15b01e517d82a56a","d__Bacteria","Desulfobacterota","Desulfobacteria","Desulfobacterales","Desulfosarcinaceae",NA,NA
"fbcf877135b71ca4e0c4486710a28984","d__Bacteria","Desulfobacterota","Desulfobacteria","Desulfobacterales","Desulfobacteraceae",NA,NA
"6246d24894af8ec3453f5289981fa852","d__Bacteria","Desulfobacterota","Unclassified Desulfobacterota","Unclassified Desulfobacterota","Unclassified Desulfobacterota",NA,NA
"33dfef3a2e3927e9ff0bd3d455f4dc6d","d__Bacteria","Desulfobacterota","Desulfuromonadia","Geobacterales","Geobacteraceae",NA,NA
"eb587daee2c03d8562dd370f5e7b42d7","d__Bacteria","Desulfobacterota","Desulfuromonadia","Desulfuromonadia","Desulfuromonadaceae",NA,NA
"dae7f746f62db0128ffd41a7793465c9","d__Bacteria","Desulfobacterota","Desulfuromonadia","Sva1033","Sva1033",NA,NA
"c55a23677ea29a5e13f22628a81039b3","d__Bacteria","Desulfobacterota","Desulfuromonadia","Desulfuromonadia","Geopsychrobacteraceae",NA,NA
"4fc968a76fc8471f22a1f2123e9e78ab","d__Bacteria","Bdellovibrionota","Bdellovibrionia","Bdellovibrionales","Bdellovibrionaceae",NA,NA
"e6090db8da9a4259635dee75663e105d","d__Bacteria","NB1-j","NB1-j","NB1-j","NB1-j",NA,NA
"4b460f19d8773ed4fe0d09d061d5f58d","d__Bacteria","Gemmatimonadota","Gemmatimonadetes","Gemmatimonadales","Gemmatimonadaceae",NA,NA
"7133426b9178fb41c0783696b1cb490a","d__Bacteria","Gemmatimonadota","PAUC43f_marine_benthic_group","PAUC43f_marine_benthic_group","PAUC43f_marine_benthic_group",NA,NA
"ed7ae1687935d359d79ba47d45018f10","d__Bacteria","Gemmatimonadota","S0134_terrestrial_group","S0134_terrestrial_group","S0134_terrestrial_group",NA,NA
"bba84289680527ba25604fc500e57a85","d__Bacteria","Gemmatimonadota","BD2-11_terrestrial_group","BD2-11_terrestrial_group","BD2-11_terrestrial_group",NA,NA
"7a4c78fa5eaf22b3735437bce2e22651","d__Bacteria","Gemmatimonadota","Longimicrobia","Longimicrobiales","Longimicrobiaceae",NA,NA
"8d89101f327f75f8e83f250a6ce5cdb3","d__Bacteria","MBNT15","MBNT15","MBNT15","MBNT15",NA,NA
"4caf3d4b791cb7ef665353c1838a5145","d__Bacteria","Desulfobacterota","uncultured","uncultured","uncultured",NA,NA
"df949123d28686b73df53998880b3dce","d__Bacteria","Myxococcota","bacteriap25","bacteriap25","bacteriap25",NA,NA
"0e4bcfe16c9f0dbe749a3685a4f81499","d__Bacteria","Hydrogenedentes","Hydrogenedentia","Hydrogenedentiales","Hydrogenedensaceae",NA,NA
"68f056a6696dd70383886e911daae3c3","d__Bacteria","Nitrospinota","P9X2b3D02","P9X2b3D02","P9X2b3D02",NA,NA
"bf10828bb797966fa69c060198f37cb2","d__Bacteria","Deinococcota","Deinococci","Deinococcales","Deinococcaceae",NA,NA
"c6fc7406e49373bba1b63634c6427a19","d__Bacteria","Deinococcota","Deinococci","Thermales","Thermaceae",NA,NA
"d1b3a97ba702b48cd90528fd03855242","d__Bacteria","Acetothermia","Acetothermiia","Acetothermiia","Acetothermiia",NA,NA
"ad6fdd4f42d9a4180761ce0d3bd3690a","d__Bacteria","Deinococcota","Deinococci","Deinococcales","Trueperaceae",NA,NA
"99f9a19ee6642be7fc7bf0e806fbdb42","d__Bacteria","Cyanobacteria","Sericytochromatia","Sericytochromatia","Sericytochromatia",NA,NA
"90a51c85dbb60e2276c3a8e32369e125","d__Bacteria","Verrucomicrobiota","Kiritimatiellae","Kiritimatiellales","Kiritimatiellaceae",NA,NA
"fe1d9e234e5f11872563ecfa4eb554aa","d__Bacteria","Patescibacteria","WWE3","WWE3","WWE3",NA,NA
"7197f54c9c3aa638c923fd126423d4d5","d__Bacteria","Patescibacteria","Berkelbacteria","Berkelbacteria","Berkelbacteria",NA,NA
"e9af31facae977117ae80a28ec47ae0c","d__Bacteria","Patescibacteria","Microgenomatia","Candidatus_Gottesmanbacteria","Candidatus_Gottesmanbacteria",NA,NA
"c6c6963d5db30f0675d62d7ed14643e5","d__Bacteria","Patescibacteria","Parcubacteria","Candidatus_Moranbacteria","Candidatus_Moranbacteria",NA,NA
"80d75586a0e25c254a8db0474b9c1fcf","d__Bacteria","Patescibacteria","Parcubacteria","Candidatus_Yanofskybacteria","Candidatus_Yanofskybacteria",NA,NA
"414d077b6f3df0db1c1b7638ad3a25ed","d__Bacteria","Patescibacteria","Parcubacteria","Candidatus_Campbellbacteria","Candidatus_Campbellbacteria",NA,NA
"d8669fa4f2cd83257639edeafac84c2d","d__Bacteria","Patescibacteria","Parcubacteria","Candidatus_Nomurabacteria","Candidatus_Nomurabacteria",NA,NA
"c1baf76a9de7e3a3dd937184b871b968","d__Bacteria","Patescibacteria","Parcubacteria","Unclassified Parcubacteria","Unclassified Parcubacteria",NA,NA
"b9c2ebd1e0912e773d6805c3bde9f830","d__Bacteria","Patescibacteria","Parcubacteria","Candidatus_Kaiserbacteria","Candidatus_Kaiserbacteria",NA,NA
"dfd1432948c499fba0c656393c4e3259","d__Bacteria","Patescibacteria","Parcubacteria","Paceibacterales","Paceibacteraceae",NA,NA
"b6d8d2a5a6f1c55677b31a183d889299","d__Bacteria","Patescibacteria","Parcubacteria","Candidatus_Portnoybacteria","Candidatus_Portnoybacteria",NA,NA
"1bf717880f4a8ea9b4e8af12cf69d04f","d__Bacteria","Planctomycetota","Phycisphaerae","C86","C86",NA,NA
"2ae39c483afcda90545288c1397f0fd3","d__Bacteria","Planctomycetota","Phycisphaerae","Tepidisphaerales","WD2101_soil_group",NA,NA
"74a07870c2bac3fb6b1c4bf7870df911","d__Bacteria","Planctomycetota","Phycisphaerae","Unclassified Phycisphaerae","Unclassified Phycisphaerae",NA,NA
"ecbfd0401c582dd26b17ee474446218d","d__Bacteria","Planctomycetota","Phycisphaerae","CCM11a","CCM11a",NA,NA
"0e569bb21f3f8569d81d178dbdc13eb1","d__Bacteria","Acidobacteriota","Vicinamibacteria","Subgroup_17","Subgroup_17",NA,NA
"7d688e6742a70009cf943fa09b2c9c6c","d__Bacteria","Acidobacteriota","Vicinamibacteria","Subgroup_9","Subgroup_9",NA,NA
"cab41d8a8aa2d41b66aef48fe1de62e0","d__Bacteria","Proteobacteria","Gammaproteobacteria","Cardiobacteriales","Cardiobacteriaceae",NA,NA
"5368d476caa2aa37e9798306cdb553e1","d__Bacteria","Proteobacteria","Gammaproteobacteria","Ectothiorhodospirales","Ectothiorhodospiraceae",NA,NA
"57233baf88a609c8c77b07e443d3d73a","d__Bacteria","Acidobacteriota","Subgroup_26","Subgroup_26","Subgroup_26",NA,NA
"a047543df67e5f6c19f375fff4ef9c31","d__Bacteria","Proteobacteria","Gammaproteobacteria","Salinisphaerales","Salinisphaeraceae",NA,NA
"b8f034487a27dd20f944cda7182580da","d__Bacteria","Proteobacteria","Gammaproteobacteria","Salinisphaerales","Unclassified Salinisphaerales",NA,NA
"0f4d2a1f199fda8823a22dcfb85801dc","d__Bacteria","Proteobacteria","Gammaproteobacteria","uncultured","uncultured",NA,NA
"0b4ee2e4cfa46bb732f1fdd84f543fba","d__Bacteria","Proteobacteria","Gammaproteobacteria","Oceanospirillales","Hahellaceae",NA,NA
"2fd0b521245ca4a237fd711301df68c0","d__Bacteria","Proteobacteria","Gammaproteobacteria","Burkholderiales","Hydrogenophilaceae",NA,NA
"8c364ad41b95ba52198b841ee523ad66","d__Bacteria","Proteobacteria","Gammaproteobacteria","Burkholderiales","Oxalobacteraceae",NA,NA
"129e42f50ca4a785146850c01585b64d","d__Bacteria","Campilobacterota","Campylobacteria","Campylobacterales","Arcobacteraceae",NA,NA
"5eb501b1be651b518cb2d45fb7e3940f","d__Bacteria","Proteobacteria","Gammaproteobacteria","Alteromonadales","Psychromonadaceae",NA,NA
"4b738cc7f4fdf7d3a5c2349e068c0e2a","d__Bacteria","Proteobacteria","Gammaproteobacteria","Alteromonadales","Unclassified Alteromonadales",NA,NA
"dfe349e940ac7386ba458fa63b619191","d__Bacteria","Proteobacteria","Gammaproteobacteria","Alteromonadales","Moritellaceae",NA,NA
"032b66e64ba19eac8df7248aa1be6e1f","d__Bacteria","Proteobacteria","Gammaproteobacteria","Alteromonadales","Pseudoalteromonadaceae",NA,NA
"0fdc3549d858701aa9ddf356c972efb6","d__Bacteria","Proteobacteria","Gammaproteobacteria","Alteromonadales","Shewanellaceae",NA,NA
"4859ebab1f93c949f0cb930fd3196d04","d__Bacteria","Proteobacteria","Gammaproteobacteria","Enterobacterales","Morganellaceae",NA,NA
"7e2be6a4c204ca9488aa59f50c6f8150","d__Bacteria","Proteobacteria","Gammaproteobacteria","Aeromonadales","Aeromonadaceae",NA,NA
"008cce7ce9be694ee2b0ce2554c55e1c","d__Bacteria","Proteobacteria","Gammaproteobacteria","Enterobacterales","Yersiniaceae",NA,NA
"a1e27a98a3fd246ca80edeeb58503ed0","d__Bacteria","Proteobacteria","Gammaproteobacteria","Enterobacterales","Erwiniaceae",NA,NA
"98631141df14ce8a6bb8c931ca9361d1","d__Bacteria","Proteobacteria","Gammaproteobacteria","Enterobacterales","Unclassified Enterobacterales",NA,NA
"b8318b75f717dc3d9f7f8fdcf0eb9005","d__Bacteria","Proteobacteria","Gammaproteobacteria","Enterobacterales","Enterobacteriaceae",NA,NA
"ff13b5072c89a06482a4abbfb835d4f6","d__Bacteria","Proteobacteria","Gammaproteobacteria","Vibrionales","Vibrionaceae",NA,NA
"d1d1eabc9e97bba4e8a54d5cdfbe0663","d__Bacteria","Proteobacteria","Gammaproteobacteria","Alteromonadales","Idiomarinaceae",NA,NA
"afff1f2c50a4d7fcb088bfe3a43cac07","d__Bacteria","Proteobacteria","Gammaproteobacteria","Pasteurellales","Pasteurellaceae",NA,NA
"6d9b7efc56b5c923e72ffe3603ad4d79","d__Bacteria","Proteobacteria","Gammaproteobacteria","Burkholderiales","Neisseriaceae",NA,NA
"6d6585b3ead7b8873873e591a8321617","d__Bacteria","Proteobacteria","Gammaproteobacteria","Burkholderiales","TRA3-20",NA,NA
"085e1626a46735bca478ac719c62b52e","d__Bacteria","Proteobacteria","Gammaproteobacteria","Burkholderiales","Methylophilaceae",NA,NA
"769593636aad0c52dfffb1ca23b4a9c1","d__Bacteria","Proteobacteria","Gammaproteobacteria","Burkholderiales","Comamonadaceae",NA,NA
"34dab9a6518053fdaf878d7d7559a931","d__Bacteria","Proteobacteria","Gammaproteobacteria","Burkholderiales","Rhodocyclaceae",NA,NA
"fb35809c97c2820c3189096610f9dcd8","d__Bacteria","Proteobacteria","Gammaproteobacteria","Burkholderiales","MWH-UniP1_aquatic_group",NA,NA
"a0c72af0f3cd10901d55783291e2bfa3","d__Bacteria","Proteobacteria","Gammaproteobacteria","Burkholderiales","Nitrosomonadaceae",NA,NA
"be8e44bedb9426bf1ab19809c51a709f","d__Bacteria","Proteobacteria","Gammaproteobacteria","Burkholderiales","Burkholderiaceae",NA,NA
"a786eb4c9abc3b9481539fb17090d4e7","d__Bacteria","Proteobacteria","Gammaproteobacteria","Burkholderiales","Chromobacteriaceae",NA,NA
"4356adcdc1585492b1e14373f5b728e2","d__Bacteria","Proteobacteria","Gammaproteobacteria","Burkholderiales","Sutterellaceae",NA,NA
"f2e45de9c1773248a88231624956fbbf","d__Bacteria","Proteobacteria","Gammaproteobacteria","Burkholderiales","Alcaligenaceae",NA,NA
"d96ea3fa0e0901003a82b3368cf16607","d__Bacteria","Proteobacteria","Gammaproteobacteria","Pseudomonadales","Moraxellaceae",NA,NA
"6704d3f720342f83c616b22ab64b3d97","d__Bacteria","Proteobacteria","Gammaproteobacteria","Unclassified Gammaproteobacteria","Unclassified Gammaproteobacteria",NA,NA
"f42af7fe52455a9ef4b69edef079a51a","d__Bacteria","Desulfobacterota","Desulfovibrionia","Desulfovibrionales","Desulfovibrionaceae",NA,NA
"93d293fcf52a5fc7d3b06d429e2038a1","d__Bacteria","Proteobacteria","Gammaproteobacteria","HOC36","HOC36",NA,NA
"ee983cafe367662cb5a2a275bc7a4fba","d__Bacteria","Proteobacteria","Gammaproteobacteria","UBA10353_marine_group","UBA10353_marine_group",NA,NA
"c0fd3574b95b06ade0fd197c2cb5d63d","d__Bacteria","Proteobacteria","Gammaproteobacteria","Cellvibrionales","BD2-7",NA,NA
"0d89daed2e31eb0b35eee707949a3f9f","d__Bacteria","Proteobacteria","Gammaproteobacteria","Cellvibrionales","Halieaceae",NA,NA
"bb9e2a80571c68af53162d905b04333f","d__Bacteria","Proteobacteria","Gammaproteobacteria","Oceanospirillales","Halomonadaceae",NA,NA
"bdf0c1eb8da1e65b3b182164c883c05b","d__Bacteria","Proteobacteria","Gammaproteobacteria","Oceanospirillales","Pseudohongiellaceae",NA,NA
"c89cd1bb5c5773b21c94a8aa9481a06a","d__Bacteria","Proteobacteria","Gammaproteobacteria","Cellvibrionales","Spongiibacteraceae",NA,NA
"5c80b4a572fac7d7c48854614fb4fbd0","d__Bacteria","Proteobacteria","Gammaproteobacteria","Arenicellales","Arenicellaceae",NA,NA
"67e9ff83cf15958d1694589497fec92d","d__Bacteria","Proteobacteria","Gammaproteobacteria","Oceanospirillales","Kangiellaceae",NA,NA
"b8c39826b0f803d83f0a90eb2e006e0e","d__Bacteria","Proteobacteria","Gammaproteobacteria","BD7-8","BD7-8",NA,NA
"3213f0f8c72e73608262f97029171732","d__Bacteria","Proteobacteria","Gammaproteobacteria","Nitrosococcales","Nitrosococcaceae",NA,NA
"9743969a5c3a010abe4f850bec8707d3","d__Bacteria","Proteobacteria","Gammaproteobacteria","B2M28","B2M28",NA,NA
"14e203bf0a8817d007d13b780997ee31","d__Bacteria","Proteobacteria","Gammaproteobacteria","Gammaproteobacteria_Incertae_Sedis","Unknown_Family",NA,NA
"8d122adc7495cd5ff3cec1ac9db18849","d__Bacteria","Proteobacteria","Gammaproteobacteria","Halothiobacillales","Halothiobacillaceae",NA,NA
"9c213f5222f6c2bf6f64b33f40e58e38","d__Bacteria","Proteobacteria","Gammaproteobacteria","Immundisolibacterales","Immundisolibacteraceae",NA,NA
"03b3fcb1a0367e6ed12027d6604a62c5","d__Bacteria","Proteobacteria","Gammaproteobacteria","Tenderiales","Tenderiaceae",NA,NA
"4fbc620cef2e0e8455b81d2be77beed2","d__Bacteria","Proteobacteria","Gammaproteobacteria","pItb-vmat-80","pItb-vmat-80",NA,NA
"5d872e47e25db038027670b011193662","d__Bacteria","Proteobacteria","Gammaproteobacteria","JTB23","JTB23",NA,NA
"f734e2cd48d9bf757e7b8f2f9b1761f3","d__Bacteria","Proteobacteria","Gammaproteobacteria","Ga0077536","Ga0077536",NA,NA
"cbbc930b89b6af730957554adb97119a","d__Bacteria","Proteobacteria","Gammaproteobacteria","EPR3968-O8a-Bc78","EPR3968-O8a-Bc78",NA,NA
"b066208a8d989dbe1232503c814bc2de","d__Bacteria","Proteobacteria","Gammaproteobacteria","Alteromonadales","Alteromonadaceae",NA,NA
"720c17feb8e5f2dc647a87d875fc4f3a","d__Bacteria","Proteobacteria","Gammaproteobacteria","Ectothiorhodospirales","Unclassified Ectothiorhodospirales",NA,NA
"6ec7109db406dc9b684aa502a3342f59","d__Bacteria","Proteobacteria","Gammaproteobacteria","Ectothiorhodospirales","Thioalkalispiraceae",NA,NA
"31d783182fb47b8a1bdd8cd55031f89e","d__Bacteria","Proteobacteria","Gammaproteobacteria","AT-s2-59","AT-s2-59",NA,NA
"cd76e3a7a34ec65067d71572e0f785d9","d__Bacteria","Proteobacteria","Gammaproteobacteria","EC3","EC3",NA,NA
"e5cf3e80b1ed47ffdbb77865bc1f2bd6","d__Bacteria","Proteobacteria","Gammaproteobacteria","Alteromonadales","Marinobacteraceae",NA,NA
"84e6fe5b4a799fcff24a45e77b882538","d__Bacteria","Proteobacteria","Gammaproteobacteria","Oceanospirillales","Litoricolaceae",NA,NA
"927f7c46069f629f5ad0544709a080e6","d__Bacteria","Proteobacteria","Gammaproteobacteria","Pseudomonadales","Pseudomonadaceae",NA,NA
"fe83bc83d3743a297b0aa334e361509b","d__Bacteria","Proteobacteria","Gammaproteobacteria","Oceanospirillales","Oceanospirillaceae",NA,NA
"68be30455d6e5e183d4eb33754d393df","d__Bacteria","Proteobacteria","Gammaproteobacteria","MBAE14","MBAE14",NA,NA
"557636b87c803d33fbed374b9f09ccac","d__Bacteria","Proteobacteria","Gammaproteobacteria","Cellvibrionales","Cellvibrionaceae",NA,NA
"56030704794aed0948096e2d51e1ed1d","d__Bacteria","Proteobacteria","Gammaproteobacteria","Oceanospirillales","Oleiphilaceae",NA,NA
"62e44c57bd28d4fd557a731ac5cfb212","d__Bacteria","Proteobacteria","Gammaproteobacteria","Alteromonadales","Colwelliaceae",NA,NA
"151e0158f0344cba50fea7aa0f39fcba","d__Bacteria","Proteobacteria","Gammaproteobacteria","Cellvibrionales","Unclassified Cellvibrionales",NA,NA
"702c979d5b4115d71d8aab35bbdba70c","d__Bacteria","Proteobacteria","Gammaproteobacteria","Oceanospirillales","Marinomonadaceae",NA,NA
"e70adf9f725b6ff340bebdcc35148a7c","d__Bacteria","Proteobacteria","Gammaproteobacteria","Oceanospirillales","Saccharospirillaceae",NA,NA
"2ef0b3edacc8715274aa3953eb21d2bc","d__Bacteria","Proteobacteria","Gammaproteobacteria","Cellvibrionales","Microbulbiferaceae",NA,NA
"5807700c9254c7eaba9163e88e051732","d__Bacteria","Proteobacteria","Gammaproteobacteria","KI89A_clade","KI89A_clade",NA,NA
"2dde89227552e06f3773b50433fb792c","d__Bacteria","Proteobacteria","Gammaproteobacteria","OM182_clade","OM182_clade",NA,NA
"934c1cc3c00b6ca2b7f243e61e76b202","d__Bacteria","Proteobacteria","Gammaproteobacteria","Cellvibrionales","Porticoccaceae",NA,NA
"9897a1c22be9c209cc344229ed8cf85e","d__Bacteria","Proteobacteria","Gammaproteobacteria","Oceanospirillales","Alcanivoracaceae",NA,NA
"435c4c4f511f728b04ba97dced939643","d__Bacteria","Proteobacteria","Gammaproteobacteria","Oceanospirillales","Alcanivoracaceae1",NA,NA
"ad36a3a207dd8a6baa9bcb1f2a048103","d__Bacteria","Proteobacteria","Gammaproteobacteria","Beggiatoales","Beggiatoaceae",NA,NA
"43ae4df4dd4a71c0cf33fab4edc1f3da","d__Bacteria","Proteobacteria","Gammaproteobacteria","Diplorickettsiales","Diplorickettsiaceae",NA,NA
"628f51ffa46bc68cb6b9afc44a7084d5","d__Bacteria","Proteobacteria","Gammaproteobacteria","Thiomicrospirales","Thiomicrospiraceae",NA,NA
"79bd360b92d050774bd2ea6c40248402","d__Bacteria","Proteobacteria","Gammaproteobacteria","Legionellales","Legionellaceae",NA,NA
"36660fcb7d93fb0864bd6c0907fe5148","d__Bacteria","Proteobacteria","Gammaproteobacteria","Nitrosococcales","Methylophagaceae",NA,NA
"ce9cf2e0c19cdf07a85953abe6000545","d__Bacteria","Proteobacteria","Gammaproteobacteria","Coxiellales","Coxiellaceae",NA,NA
"65f078eccabbe0d3243e90961fa8ff01","d__Bacteria","Proteobacteria","Gammaproteobacteria","EV818SWSAP88","EV818SWSAP88",NA,NA
"f2615d661d0e2c5fe5640415502fff83","d__Bacteria","Proteobacteria","Gammaproteobacteria","Chromatiales","Unclassified Chromatiales",NA,NA
"3c485cb38c01f598c32327bb55e41bdf","d__Bacteria","Bacteroidota","Rhodothermia","Rhodothermales","Rhodothermaceae",NA,NA
"08ff5eaf6ecd1957fecd73e90a7c726b","d__Bacteria","Latescibacterota","Latescibacterota","Latescibacterota","Latescibacterota",NA,NA
"ea0a2619fbf370aa6224d41ecfd8a3d8","d__Bacteria","Sumerlaeota","Sumerlaeia","uncultured","uncultured",NA,NA
"a9d746380863d998eb7af12876a76272","d__Bacteria","Bacteroidota","Chlorobia","Chlorobiales","Unclassified Chlorobiales",NA,NA
"f92607ca984734370c22fb9d71776f7f","d__Bacteria","Bacteroidota","Chlorobia","Chlorobiales","Chlorobiaceae",NA,NA
"4441c23b0376d208c74676c0290ca323","d__Bacteria","Bacteroidota","Kapabacteria","Kapabacteriales","Kapabacteriales",NA,NA
"5a474b6561a197f4131530f93230df93","d__Bacteria","Bacteroidota","Kryptonia","Kryptoniales","MSB-3C8",NA,NA
"24474df947b65dbe9b1a949482b66173","d__Bacteria","Bacteroidota","Kryptonia","Kryptoniales","BSV26",NA,NA
"c0fdae2237ef5211dd8dc9583578e1ca","d__Bacteria","Bacteroidota","Ignavibacteria","Ignavibacteriales","Melioribacteraceae",NA,NA
"04b8c414c6d0bec62086485d151ba817","d__Bacteria","Bacteroidota","Ignavibacteria","Ignavibacteriales","PHOS-HE36",NA,NA
"478dadac9862bd51fc28b8046a4213e0","d__Bacteria","Bacteroidota","Ignavibacteria","Ignavibacteriales","Unclassified Ignavibacteriales",NA,NA
"0048b54ee1f5035cc574f6bff4bee812","d__Bacteria","Bacteroidota","Bacteroidia","Cytophagales","Unclassified Cytophagales",NA,NA
"46c4830071c8fcca110b26a80ddeee45","d__Bacteria","Bacteroidota","Bacteroidia","Flavobacteriales","Cryomorphaceae",NA,NA
"cb2f457e80439db69511b89a191415d0","d__Bacteria","Bacteroidota","Bacteroidia","Bacteroidales","Marinifilaceae",NA,NA
"0f7bd67fea18c3fa4399a0713841ce03","d__Bacteria","Bacteroidota","Bacteroidia","Cytophagales","Flammeovirgaceae",NA,NA
"9f726ddfaf1942cf274d965df8377185","d__Bacteria","Bacteroidota","Bacteroidia","Unclassified Bacteroidia","Unclassified Bacteroidia",NA,NA
"e202882986f68e110bcf78dadbd2eafc","d__Bacteria","Bacteroidota","Bacteroidia","Chitinophagales","uncultured",NA,NA
"985cafca4a25dda7b40371af1a4a1bc4","d__Bacteria","Bacteroidota","Bacteroidia","Bacteroidales","Dysgonomonadaceae",NA,NA
"f5ff039929fa004eaeee33d4d8d15336","d__Bacteria","Bacteroidota","Bacteroidia","Bacteroidales","Prevotellaceae",NA,NA
"5bd4a73c36ec4726fe551d91566a4ff7","d__Bacteria","Bacteroidota","Bacteroidia","Bacteroidales","Bacteroidales_UCG-001",NA,NA
"f31c6a5b90a26c26f10688a28944f0bb","d__Bacteria","Bacteroidota","Bacteroidia","Bacteroidales","Bacteroidaceae",NA,NA
"abbd5cc737992bce3ca99b7cfec371fa","d__Bacteria","Bacteroidota","Bacteroidia","Bacteroidales","Tannerellaceae",NA,NA
"1f170095ab17d9b4b8b313f54c2006e6","d__Bacteria","Bacteroidota","Bacteroidia","Bacteroidales","Porphyromonadaceae",NA,NA
"2e6272f0d8a4dffc4530946323f256b8","d__Bacteria","Bacteroidota","Bacteroidia","Bacteroidales","Rikenellaceae",NA,NA
"eaac2301cc3c81de56ce46a33d2a89da","d__Bacteria","Bacteroidota","Bacteroidia","Cytophagales","Hymenobacteraceae",NA,NA
"9a661b0e13c5d3c7957d299e6f4b7d73","d__Bacteria","Bacteroidota","Bacteroidia","SM1A07","SM1A07",NA,NA
"1826450a61b374af8836acc22ee3b593","d__Bacteria","Bacteroidota","Bacteroidia","Cytophagales","Spirosomaceae",NA,NA
"51e710c8b6095ddbacd67f2d958e5ae3","d__Bacteria","Bacteroidota","Bacteroidia","Cytophagales","Cytophagaceae",NA,NA
"bae47dbec47d4104a8d5eb7ba8c8845b","d__Bacteria","Bacteroidota","Bacteroidia","Cytophagales","MWH-CFBk5",NA,NA
"c5fbcbe1b20372445afa59b6392ddc92","d__Bacteria","Bacteroidota","Bacteroidia","Cytophagales","Cyclobacteriaceae",NA,NA
"e90881702433c6b2f59e9df62feed1f9","d__Bacteria","Bacteroidota","Bacteroidia","Flavobacteriales","Unclassified Flavobacteriales",NA,NA
"6b814bd6f13249a42a550ff156a3cc09","d__Bacteria","Bacteroidota","Rhodothermia","Balneolales","Balneolaceae",NA,NA
"b43859b7af5722e4daa2c2e0f501eae8","d__Bacteria","Halanaerobiaeota","Halanaerobiia","Halanaerobiales","Unclassified Halanaerobiales",NA,NA
"515bfeee7b1d5e6a6067e8d86a358d7c","d__Bacteria","Halanaerobiaeota","Halanaerobiia","Halanaerobiales","Halanaerobiaceae",NA,NA
"c4f162bb647c5fe03f65250bae36d480","d__Bacteria","Firmicutes","Clostridia","Peptostreptococcales-Tissierellales","Peptostreptococcales-Tissierellales",NA,NA
"e3d70efb0affc754f953b4dee48306de","d__Bacteria","Firmicutes","Clostridia","Peptostreptococcales-Tissierellales","Fusibacteraceae",NA,NA
"6703c3f0c407450d72b0281753436700","d__Bacteria","Firmicutes","Clostridia","Peptostreptococcales-Tissierellales","Peptostreptococcaceae",NA,NA
"53a745785bfc7ceac6002ec59ea96284","d__Bacteria","Firmicutes","Clostridia","Peptostreptococcales-Tissierellales","Thermotaleaceae",NA,NA
"b272116078916fff1854f7d231e5846d","d__Bacteria","Firmicutes","Clostridia","Peptostreptococcales-Tissierellales","Unclassified Peptostreptococcales-Tissierellales",NA,NA
"1e95c6b4ce12262f846c67a06b8a42ad","d__Bacteria","Firmicutes","Clostridia","Peptostreptococcales-Tissierellales","Caminicellaceae",NA,NA
"cf20f816e9bfd147f7bd971a762ce4af","d__Bacteria","Firmicutes","Clostridia","Peptostreptococcales-Tissierellales","Sedimentibacteraceae",NA,NA
"94bc5a62be08c32152a03d2a278b924b","d__Bacteria","Firmicutes","Clostridia","Peptostreptococcales-Tissierellales","Anaerovoracaceae",NA,NA
"6de509ee0779a62a9464e08e7b09ee6e","d__Bacteria","Actinobacteriota","Coriobacteriia","Unclassified Coriobacteriia","Unclassified Coriobacteriia",NA,NA
"ade05e7d9c1bf6f0739ab6c799d6cc13","d__Bacteria","Actinobacteriota","Coriobacteriia","CG2-30-50-142","CG2-30-50-142",NA,NA
"cd97117cccd3e5d4ed808998479fb148","d__Bacteria","Margulisbacteria","Margulisbacteria","Margulisbacteria","Margulisbacteria",NA,NA
"9a263dc28593e4cd3c325cb8cc56e0b4","d__Bacteria","Firmicutes","Bacilli","Erysipelotrichales","Erysipelatoclostridiaceae",NA,NA
"548f345ded336fe78897aa3adcd7ff35","d__Bacteria","Firmicutes","Bacilli","Mycoplasmatales","Mycoplasmataceae",NA,NA
"c7995db2488f313c0644b58f905fa557","d__Bacteria","Firmicutes","Bacilli","Erysipelotrichales","Erysipelotrichaceae",NA,NA
"4b7f85236c32190690cd369c1e973b28","d__Bacteria","Firmicutes","Bacilli","Entomoplasmatales","Entomoplasmatales_Incertae_Sedis",NA,NA
"d392719b25219c75f471c46bd5b2658e","d__Bacteria","Firmicutes","Bacilli","Entomoplasmatales","Spiroplasmataceae",NA,NA
"52ea160d6a9134f5b46ad5030ea5e75a","d__Bacteria","Firmicutes","Bacilli","Entomoplasmatales","Unclassified Entomoplasmatales",NA,NA
"3881b4d07b607a556323a67f5cef9d55","d__Bacteria","Verrucomicrobiota","Lentisphaeria","Oligosphaerales","Lenti-02",NA,NA
"a287b307ce14bbb942eed463fa17a119","d__Bacteria","Verrucomicrobiota","Lentisphaeria","Oligosphaerales","Oligosphaeraceae",NA,NA
"456f28ac8025fc3b6772fb90a1e25422","d__Bacteria","Verrucomicrobiota","Lentisphaeria","Victivallales","Victivallaceae",NA,NA
"fb308f88fd24f8b0e22c9a1e11782e5e","d__Bacteria","Verrucomicrobiota","Lentisphaeria","Unclassified Lentisphaeria","Unclassified Lentisphaeria",NA,NA
"4c0b345787707b61bb82cba031f0caf2","d__Bacteria","Verrucomicrobiota","Lentisphaeria","P.palmC41","P.palmC41",NA,NA
"228dee1d6683f48a5962ab49aed5f9c3","d__Bacteria","Verrucomicrobiota","Lentisphaeria","Victivallales","PRD18C08",NA,NA
"490bb67cc161f5318455aecd925dac5e","d__Bacteria","Verrucomicrobiota","Lentisphaeria","Lentisphaerales","Lentisphaeraceae",NA,NA
"dab94da5d505967fc2eb36281ec873af","d__Bacteria","Verrucomicrobiota","Lentisphaeria","Victivallales","Arctic95B-14",NA,NA
"3d2eb4a301c33043083353f9be9e55d7","d__Bacteria","Verrucomicrobiota","Lentisphaeria","Victivallales","Unclassified Victivallales",NA,NA
"de9cddef745296aa3be0922839f6a4da","d__Bacteria","Verrucomicrobiota","Lentisphaeria","SS1-B-02-17","SS1-B-02-17",NA,NA
"13b81923f4fdf0ae8e02bd6595ce49ef","d__Bacteria","Firmicutes","Bacilli","Lactobacillales","Streptococcaceae",NA,NA
"eb5fdbb8966149c8417a0f5e3a17e69b","d__Bacteria","Firmicutes","Bacilli","Lactobacillales","Leuconostocaceae",NA,NA
"ecb1b0562881e0b93fbb2f85225bc037","d__Bacteria","Firmicutes","Bacilli","Lactobacillales","Carnobacteriaceae",NA,NA
"1e86b49b523587009ca4d9431d9edc99","d__Bacteria","Firmicutes","Bacilli","Lactobacillales","Aerococcaceae",NA,NA
"63609d3062342bf71f8d015bf3d069e2","d__Bacteria","Firmicutes","Bacilli","Lactobacillales","Enterococcaceae",NA,NA
"dfa8fff425479d641ef1f34697892c5e","d__Bacteria","Firmicutes","Bacilli","Lactobacillales","Lactobacillaceae",NA,NA
"d0cbf3a928d934f5d37e0e2bfa99969e","d__Bacteria","Firmicutes","Bacilli","Lactobacillales","Unclassified Lactobacillales",NA,NA
"de64d305c549325acc46bf2c7fa59348","d__Bacteria","Firmicutes","Bacilli","Paenibacillales","Paenibacillaceae",NA,NA
"9440e0acec9612f1b6b38604ad06ef3a","d__Bacteria","Firmicutes","Bacilli","Bacillales","Marinococcaceae",NA,NA
"51118aad525aae3420ae4d0b3fc1932f","d__Bacteria","Firmicutes","Bacilli","Staphylococcales","Gemellaceae",NA,NA
"b90cb84007f0c3c881acd1fdc0ca79fa","d__Bacteria","Firmicutes","Bacilli","Bacillales","Bacillaceae",NA,NA
"d85f3e99846e6ec0ba1b5c5eee06fe2c","d__Bacteria","Firmicutes","Bacilli","Exiguobacterales","Exiguobacteraceae",NA,NA
"634b3b507b3f9c9fd52cef76baadc1ae","d__Bacteria","Firmicutes","Bacilli","Bacillales","Planococcaceae",NA,NA
"73c434a77d07c20d70f499ca99470a5d","d__Bacteria","Firmicutes","Bacilli","Staphylococcales","Staphylococcaceae",NA,NA
"3485d3f16fad55bc55b3862445667a2d","d__Bacteria","Firmicutes","Bacilli","Haloplasmatales","Haloplasmataceae",NA,NA
"95d68f6be1f1aa0a7095e8123635d18c","d__Bacteria","Firmicutes","Bacilli","Izemoplasmatales","Izemoplasmatales",NA,NA
"0513960bd55dd9aca8dbf0ad36d83405","d__Bacteria","Firmicutes","Bacilli","Izemoplasmatales","Izemoplasmataceae",NA,NA
"9a8452876190b8d27d1f33d22e03ac7b","d__Bacteria","Thermotogota","Thermotogae","Petrotogales","Petrotogaceae",NA,NA
"7c05793b1cf8b339f7a28f5c552900e6","d__Bacteria","Firmicutes","Clostridia","Lachnospirales","Defluviitaleaceae",NA,NA
"253fbc6138dc61ce7231646d230ed42d","d__Bacteria","Firmicutes","Clostridia","Lachnospirales","Unclassified Lachnospirales",NA,NA
"3c4eaaecf77012c5ad251f07d962f520","d__Bacteria","Fusobacteriota","Fusobacteriia","Fusobacteriales","Fusobacteriaceae",NA,NA
"2599ef4b278264c9a1e1dc7b7ebb1682","d__Bacteria","Fusobacteriota","Fusobacteriia","Fusobacteriales","Leptotrichiaceae",NA,NA
"5d5e58fa23b20766e58171da404dd8ea","d__Bacteria","Actinobacteriota","WCHB1-81","WCHB1-81","WCHB1-81",NA,NA
"dcd0e3f64343089fa209c1584cc8e787","d__Bacteria","AncK6","AncK6","AncK6","AncK6",NA,NA
"0fc0bc1c1e8bce1dabf727aa7ae8ebc8","d__Bacteria","Planctomycetota","OM190","OM190","OM190",NA,NA
"a7f9ff0d74d30ba4f4bab6be4fa23d76","d__Bacteria","Acidobacteriota","Vicinamibacteria","Vicinamibacterales","uncultured",NA,NA
"38fa82fd2e9cce26dc23e67b98ca318f","d__Bacteria","Acidobacteriota","Vicinamibacteria","Vicinamibacterales","Vicinamibacteraceae",NA,NA
"0fed7cd14f3953b4fad95c0eb44a533d","d__Bacteria","Verrucomicrobiota","Verrucomicrobiae","Arctic97B-4_marine_group","Arctic97B-4_marine_group",NA,NA
"29fb4a78e7acbe20755f4789a32a7a5a","d__Bacteria","Verrucomicrobiota","Unclassified Verrucomicrobiota","Unclassified Verrucomicrobiota","Unclassified Verrucomicrobiota",NA,NA
"2136542ef387eecce1a848979f58290e","d__Bacteria","Verrucomicrobiota","Omnitrophia","Omnitrophales","Omnitrophaceae",NA,NA
"cf02ff45a64584087783effe7d2ec538","d__Bacteria","Verrucomicrobiota","Omnitrophia","Omnitrophales","Unclassified Omnitrophales",NA,NA
"063068a5d5114c2ee105273efcb00744","d__Bacteria","Verrucomicrobiota","Omnitrophia","Omnitrophales","Omnitrophales",NA,NA
"04d23fef8b50dd72f99dce095be08df1","d__Bacteria","Verrucomicrobiota","Verrucomicrobiae","Verrucomicrobiales","DEV007",NA,NA
"e1aade4f29a5e224ca132fb344ec9f46","d__Bacteria","Verrucomicrobiota","Verrucomicrobiae","Verrucomicrobiales","Unclassified Verrucomicrobiales",NA,NA
"ad6b3a0e88e5c091e89c92e9de103297","d__Bacteria","Verrucomicrobiota","Verrucomicrobiae","Verrucomicrobiales","Rubritaleaceae",NA,NA
"d88bd7c4c59983bc2908603ab6dc9529","d__Bacteria","Verrucomicrobiota","Verrucomicrobiae","Opitutales","Puniceicoccaceae",NA,NA
"9598941fa9365a40764636c9422ccb1b","d__Bacteria","Verrucomicrobiota","Verrucomicrobiae","Opitutales","Opitutaceae",NA,NA
"572f9ff2148da07e9dcd16640d2dd967","d__Bacteria","Cyanobacteria","Cyanobacteriia","Synechococcales","Cyanobiaceae",NA,NA
"92caf8946d1599771dbe5c848bf4c377","d__Bacteria","Cyanobacteria","Cyanobacteriia","Synechococcales","Unclassified Synechococcales",NA,NA
"47d2a83e38331685d836beae6374b039","d__Bacteria","Cyanobacteria","Cyanobacteriia","Phormidesmiales","Phormidesmiaceae",NA,NA
"955459a584c34e5c967d551047a567b3","d__Bacteria","Cyanobacteria","Cyanobacteriia","Thermosynechococcales","Acaryochloridaceae",NA,NA
"19c253f9ecda0e216ae01b0f17ba38f2","d__Bacteria","Cyanobacteria","Cyanobacteriia","Thermosynechococcales","Unclassified Thermosynechococcales",NA,NA
"b60f1db33f9dc71f6366bd4bca959605","d__Bacteria","Cyanobacteria","Cyanobacteriia","Unclassified Cyanobacteriia","Unclassified Cyanobacteriia",NA,NA
"996ccf46bc820370f79ab8d691f4a022","d__Bacteria","Cyanobacteria","Cyanobacteriia","Phormidesmiales","Nodosilineaceae",NA,NA
"97fc42aeca4dc54510792da0b2f0f528","d__Bacteria","Cyanobacteria","Cyanobacteriia","Cyanobacteriales","Prochloraceae",NA,NA
"0da076ffd358cd674670f30be39cb7ea","d__Bacteria","Cyanobacteria","Cyanobacteriia","Cyanobacteriales","Geitlerinemaceae",NA,NA
"c627ecde349eacf776facdc0c4df3559","d__Bacteria","Cyanobacteria","Cyanobacteriia","Cyanobacteriales","Xenococcaceae",NA,NA
"d4bc35479beeb129cc4f551bb30e82e8","d__Bacteria","Cyanobacteria","Cyanobacteriia","Phormidesmiales","Unclassified Phormidesmiales",NA,NA
"b28c5cf86150053bc80b4b241de29883","d__Bacteria","Cyanobacteria","Cyanobacteriia","Cyanobacteriales","Microcystaceae",NA,NA
"b5bbe883fa61748c923ea16ed377c5f2","d__Bacteria","Cyanobacteria","Cyanobacteriia","Oxyphotobacteria_Incertae_Sedis","Unknown_Family",NA,NA
"9e008ac7d6b6ce04593d2d1cec17dd5d","d__Bacteria","Cyanobacteria","Cyanobacteriia","Cyanobacteriales","Paraspirulinaceae",NA,NA
"30c6167b956b76b8fd51f2f80e42ff54","d__Bacteria","Cyanobacteria","Cyanobacteriia","Cyanobacteriales","Cyanobacteriaceae",NA,NA
"7231444e2ce699442643d277ef99356c","d__Bacteria","Cyanobacteria","Cyanobacteriia","Cyanobacteriales","Chroococcidiopsaceae",NA,NA
"e23b1401e66ffe76b09944bfe072a5fd","d__Bacteria","Cyanobacteria","Cyanobacteriia","Cyanobacteriales","Coleofasciculaceae",NA,NA
"1c06dafe12e1e93daa8ce63b09220675","d__Bacteria","Cyanobacteria","Cyanobacteriia","Cyanobacteriales","Unclassified Cyanobacteriales",NA,NA
"ab53f82ddd02795deb179910dbbd04cd","d__Bacteria","Cyanobacteria","Cyanobacteriia","Cyanobacteriales","Oscillatoriaceae",NA,NA
"27306b448f15e35a724bfc31dd5efa59","d__Bacteria","Cyanobacteria","Cyanobacteriia","Cyanobacteriales","Desertifilaceae",NA,NA
"00ce4a7233be663656c91e143c9f1770","d__Bacteria","Proteobacteria","Gammaproteobacteria","Oceanospirillales","Unclassified Oceanospirillales",NA,NA
"29d775c0c78c0c73c62221d931001cad","d__Bacteria","Proteobacteria","Gammaproteobacteria","Oceanospirillales","Endozoicomonadaceae",NA,NA
"c943a6233dbc6a8da8f55ab75873c0fd","d__Bacteria","Proteobacteria","Gammaproteobacteria","Steroidobacterales","Woeseiaceae",NA,NA
