sample_name_backup,expedition_number,BiologicalMatter,faith_pd,faith_SR
E1.10.Poc.dami.1.20140728.T,E1,Coral Tissue,2.413143774,22
E1.10.Poc.dami.1.20140731.M,E1,Coral Mucus,3.885307188,33
E1.10.Poc.dami.1.20140731.S,E1,Coral Skeleton,11.07031449,103
E1.10.Poc.dami.1.20140731.T,E1,Coral Tissue,10.29419227,64
E1.10.Poc.dami.1.20140905.S,E1,Coral Skeleton,3.184593404,43
E1.10.Sty.pist.1.20140807.M,E1,Coral Mucus,6.08396921,58
E1.10.Sty.pist.1.20140815.M,E1,Coral Mucus,13.3943043,100
E1.10.Sty.pist.1.20140815.T,E1,Coral Tissue,2.075266802,38
E1.11.Fun.sp.1.20140730.M,E1,Coral Mucus,24.21068995,143
E1.11.Fun.sp.1.20140730.T,E1,Coral Tissue,19.33210782,131
E1.11.Fun.sp.1.20140811.M,E1,Coral Mucus,9.895461292,58
E1.11.Fun.sp.1.20140811.S,E1,Coral Skeleton,10.89217357,102
E1.11.Fun.sp.1.20140811.T,E1,Coral Tissue,8.897863855,42
E1.11.Lep.tran.1.20140731.M,E1,Coral Mucus,2.535827933,33
E1.11.Lep.tran.1.20140731.S,E1,Coral Skeleton,19.77448832,118
E1.11.Lep.tran.1.20140731.T,E1,Coral Tissue,18.88896993,108
E1.11.Psa.cont.1.20140730.M,E1,Coral Mucus,2.35220004,31
E1.11.Psa.cont.1.20140730.S,E1,Coral Skeleton,5.431638976,44
E1.11.Psa.cont.1.20140730.TS,E1,Whole Coral,3.122922586,30
E1.11.Psa.cont.1.20140730.T,E1,Coral Tissue,4.351491399,36
E1.11.Psa.digi.1.20140807.M,E1,Coral Mucus,18.37002341,133
E1.11.Psa.digi.1.20140807.S,E1,Coral Skeleton,25.91291328,234
E1.11.Psa.digi.1.20140807.T,E1,Coral Tissue,10.82577408,71
E1.14.Phy.lich.1.20140801.S,E1,Coral Skeleton,25.4606994,183
E1.14.Phy.lich.1.20140811.M,E1,Coral Mucus,2.139538776,23
E1.14.Phy.lich.1.20140811.S,E1,Coral Skeleton,30.9616575,273
E1.14.Phy.lich.1.20140811.T,E1,Coral Tissue,4.346981694,57
E1.15.Dip.heli.1.20140726.M,E1,Coral Mucus,9.691680109,58
E1.15.Dip.heli.1.20140726.S,E1,Coral Skeleton,18.58185427,138
E1.15.Dip.heli.1.20140726.T,E1,Coral Tissue,20.08928041,144
E1.15.Dip.heli.1.20140809.M,E1,Coral Mucus,15.54648237,114
E1.15.Dip.heli.1.20140809.S,E1,Coral Skeleton,31.66986526,239
E1.15.Dip.heli.1.20140809.T,E1,Coral Tissue,30.49486362,280
E1.15.Dip.heli.1.20140815.M,E1,Coral Mucus,9.954953813,68
E1.15.Dip.heli.1.20140815.S,E1,Coral Skeleton,18.51787047,140
E1.15.Dip.heli.1.20140815.T,E1,Coral Tissue,22.11923717,146
E1.15.Dip.heli.1.20140905.M,E1,Coral Mucus,5.789333688,96
E1.15.Dip.heli.1.20140905.S,E1,Coral Skeleton,30.12462285,241
E1.15.Dip.heli.1.20140905.T,E1,Coral Tissue,22.10305592,203
E1.17.Cau.furc.1.20140801.DS,E1,Coral Skeleton,20.29743702,148
E1.17.Cau.furc.1.20140801.M,E1,Coral Mucus,13.84680763,61
E1.17.Cau.furc.1.20140801.S,E1,Coral Skeleton,13.66474646,83
E1.17.Cau.furc.1.20140801.T,E1,Coral Tissue,16.60681231,87
E1.17.Ech.lame.1.20140905.M,E1,Coral Mucus,6.982380454,104
E1.17.Ech.lame.1.20140905.S,E1,Coral Skeleton,5.604464793,92
E1.17.Ech.lame.1.20140905.T,E1,Coral Tissue,6.300664962,96
E1.17.Ech.mamm.1.20140728.M,E1,Coral Mucus,5.613896076,64
E1.17.Ech.mamm.1.20140728.S,E1,Coral Skeleton,3.38876202,30
E1.17.Ech.mamm.1.20140815.M,E1,Coral Mucus,13.48285404,100
E1.17.Ech.mamm.1.20140815.T,E1,Coral Tissue,6.726764653,70
E1.17.Fav.sp.1.20140805.M,E1,Coral Mucus,8.785885385,42
E1.17.Fav.sp.1.20140805.S,E1,Coral Skeleton,8.619650258,54
E1.17.Fav.sp.1.20140805.T,E1,Coral Tissue,11.84218197,101
E1.17.Fav.sp.1.20140811.M,E1,Coral Mucus,22.73338213,138
E1.17.Fav.sp.1.20140811.S,E1,Coral Skeleton,20.42554924,167
E1.17.Fav.sp.1.20140811.T,E1,Coral Tissue,16.18896514,102
E1.17.Fav.sp.2.20140805.M,E1,Coral Mucus,19.14631821,116
E1.17.Fav.sp.2.20140805.S,E1,Coral Skeleton,16.4840902,164
E1.17.Fav.sp.2.20140805.T,E1,Coral Tissue,17.16463739,118
E1.17.Hyd.exes.1.20140803.M,E1,Coral Mucus,6.898136966,47
E1.17.Hyd.exes.1.20140803.S,E1,Coral Skeleton,14.22909811,128
E1.17.Hyd.exes.1.20140803.T,E1,Coral Tissue,5.977327478,53
E1.19.Lob.sp.1.20140730.M,E1,Coral Mucus,9.208451302,114
E1.19.Lob.sp.1.20140730.S,E1,Coral Skeleton,18.24805177,113
E1.19.Lob.sp.1.20140730.T,E1,Coral Tissue,3.105785074,48
E1.19.Lob.sp.1.20140809.M,E1,Coral Mucus,15.77343316,130
E1.19.Lob.sp.1.20140809.S,E1,Coral Skeleton,25.61201134,199
E1.19.Lob.sp.1.20140809.T,E1,Coral Tissue,22.86423919,166
E1.19.Sym.sp.1.20140724.M,E1,Coral Mucus,2.819441825,63
E1.19.Sym.sp.1.20140724.S,E1,Coral Skeleton,19.51697275,141
E1.19.Sym.sp.1.20140814.M,E1,Coral Mucus,8.593994057,70
E1.19.Sym.sp.1.20140814.S,E1,Coral Skeleton,5.939746446,55
E1.19.Sym.sp.1.20140814.T,E1,Coral Tissue,5.856081932,48
E1.19.Sym.sp.1.20140815.M,E1,Coral Mucus,6.87231036,71
E1.19.Sym.sp.1.20140815.S,E1,Coral Skeleton,4.938003569,66
E1.19.Sym.sp.1.20140815.T,E1,Coral Tissue,2.82000567,63
E1.19.Sym.sp.1.20140905.M,E1,Coral Mucus,10.34358476,121
E1.19.Sym.sp.1.20140905.S,E1,Coral Skeleton,14.76896393,108
E1.19.Sym.sp.1.20140905.T,E1,Coral Tissue,18.2145025,109
E1.2.Tur.pelt.1.20140814.M,E1,Coral Mucus,10.99549594,51
E1.2.Tur.pelt.1.20140814.S,E1,Coral Skeleton,9.316044332,95
E1.2.Tur.pelt.1.20140814.T,E1,Coral Tissue,18.84916737,143
E1.2.Tur.reni.1.20140730.M,E1,Coral Mucus,17.85621433,111
E1.2.Tur.reni.1.20140730.S,E1,Coral Skeleton,19.4021336,164
E1.2.Tur.reni.1.20140730.T,E1,Coral Tissue,22.37739575,158
E1.2.Tur.reni.1.20140814.M,E1,Coral Mucus,17.44550898,113
E1.2.Tur.reni.1.20140814.T,E1,Coral Tissue,18.57108057,153
E1.2.Tur.stel.1.20140805.M,E1,Coral Mucus,16.06695795,87
E1.2.Tur.stel.1.20140805.S,E1,Coral Skeleton,24.25977868,215
E1.2.Tur.stel.1.20140805.T,E1,Coral Tissue,16.74300975,121
E1.3.Por.cyli.1.20140801.M,E1,Coral Mucus,1.839832349,16
E1.3.Por.cyli.1.20140801.S,E1,Coral Skeleton,13.17673431,95
E1.3.Por.cyli.1.20140801.T,E1,Coral Tissue,4.76915609,22
E1.3.Por.cyli.1.20140815.M,E1,Coral Mucus,12.63970041,69
E1.3.Por.cyli.1.20140815.S,E1,Coral Skeleton,15.15986003,102
E1.3.Por.cyli.1.20140815.T,E1,Coral Tissue,8.590756559,64
E1.3.Por.loba.1.20140724.M,E1,Coral Mucus,12.46258987,69
E1.3.Por.loba.1.20140726.M,E1,Coral Mucus,6.50520007,26
E1.3.Por.loba.1.20140726.S,E1,Coral Skeleton,22.99478109,163
E1.3.Por.loba.1.20140726.T,E1,Coral Tissue,14.55308625,86
E1.3.Por.loba.1.20140905.M,E1,Coral Mucus,8.121457304,66
E1.3.Por.loba.1.20140905.S,E1,Coral Skeleton,7.279610864,79
E1.3.Por.loba.1.20140905.T,E1,Coral Tissue,22.72415331,147
E1.4.Pac.rugo.1.20140728.M,E1,Coral Mucus,6.150646008,53
E1.4.Pac.rugo.1.20140728.S,E1,Coral Skeleton,2.454659536,38
E1.4.Pac.rugo.1.20140728.T,E1,Coral Tissue,4.879248722,52
E1.4.Pac.rugo.1.20140814.M,E1,Coral Mucus,19.43722737,159
E1.4.Pac.rugo.1.20140814.S,E1,Coral Skeleton,17.62250902,150
E1.4.Pac.rugo.1.20140814.T,E1,Coral Tissue,1.449090155,18
E1.4.Pac.spec.1.20140801.S,E1,Coral Skeleton,8.234977939,66
E1.4.Pac.spec.1.20140801.T,E1,Coral Tissue,1.973815256,33
E1.4.Pac.spec.1.20140811.M,E1,Coral Mucus,11.53488229,103
E1.4.Pac.spec.1.20140811.S,E1,Coral Skeleton,1.861575643,21
E1.4.Pac.spec.1.20140811.T,E1,Coral Tissue,4.003804879,52
E1.5.Gal.astr.1.20140728.M,E1,Coral Mucus,20.0392211,145
E1.5.Gal.astr.1.20140728.S,E1,Coral Skeleton,20.43978649,145
E1.5.Gal.astr.1.20140728.T,E1,Coral Tissue,21.23787495,155
E1.5.Gal.astr.1.20140807.M,E1,Coral Mucus,13.49419895,86
E1.5.Gal.astr.1.20140807.S,E1,Coral Skeleton,8.138330667,63
E1.5.Gal.astr.1.20140807.T,E1,Coral Tissue,11.08228024,68
E1.5.Gal.astr.1.20140814.M,E1,Coral Mucus,15.43507016,161
E1.5.Gal.astr.1.20140814.S,E1,Coral Skeleton,13.97542277,124
E1.5.Gal.astr.1.20140814.T,E1,Coral Tissue,23.37667894,172
E1.5.Gal.astr.1.20140905.M,E1,Coral Mucus,12.21930647,90
E1.5.Gal.astr.1.20140905.S,E1,Coral Skeleton,25.77188411,226
E1.5.Gal.astr.1.20140905.T,E1,Coral Tissue,32.14261739,247
E1.6.Acr.humi.1.20140731.M,E1,Coral Mucus,5.809849034,72
E1.6.Acr.humi.1.20140731.S,E1,Coral Skeleton,2.973811995,47
E1.6.Acr.humi.1.20140731.T,E1,Coral Tissue,1.250186309,24
E1.6.Acr.sp.1.20140905.M,E1,Coral Mucus,3.334888086,89
E1.6.Acr.sp.1.20140905.S,E1,Coral Skeleton,1.909196687,51
E1.6.Acr.sp.1.20140905.T,E1,Coral Tissue,0.942101362,41
E1.6.Iso.pali.1.20140803.M,E1,Coral Mucus,11.84767357,94
E1.6.Iso.pali.1.20140803.S,E1,Coral Skeleton,5.160832316,47
E1.6.Iso.pali.1.20140803.T,E1,Coral Tissue,16.11705226,144
E1.6.Iso.pali.1.20140815.M,E1,Coral Mucus,12.94027898,100
E1.6.Iso.pali.1.20140815.S,E1,Coral Skeleton,20.80748933,152
E1.6.Iso.pali.1.20140815.T,E1,Coral Tissue,11.4137758,74
E1.6.Mon.hisp.1.20140807.M,E1,Coral Mucus,1.671211221,28
E1.6.Mon.hisp.1.20140807.S,E1,Coral Skeleton,3.326951809,30
E1.7.Pav.sp.1.20140905.M,E1,Coral Mucus,5.416127013,89
E1.7.Pav.sp.1.20140905.S,E1,Coral Skeleton,10.80506307,111
E1.7.Pav.sp.1.20140905.T,E1,Coral Tissue,12.73566058,82
E1.7.Pav.vari.1.20140805.M,E1,Coral Mucus,14.29180841,83
E1.7.Pav.vari.1.20140805.S,E1,Coral Skeleton,14.94672045,146
E1.7.Pav.vari.1.20140805.T,E1,Coral Tissue,18.03027822,110
E1.7.Pav.vari.1.20140815.M,E1,Coral Mucus,9.77361607,96
E1.7.Pav.vari.1.20140815.S,E1,Coral Skeleton,18.2093773,135
E1.7.Pav.vari.1.20140815.T,E1,Coral Tissue,20.49807513,145
E1.7.Pav.veno.1.20140809.M,E1,Coral Mucus,16.75932026,120
E1.7.Pav.veno.1.20140809.S,E1,Coral Skeleton,21.8425963,149
E1.7.Pav.veno.1.20140809.T,E1,Coral Tissue,10.02055048,63
E1.7.Pav.veno.1.20140811.M,E1,Coral Mucus,16.11112532,112
E1.7.Pav.veno.1.20140811.S,E1,Coral Skeleton,24.44419834,191
E1.7.Pav.veno.1.20140811.T,E1,Coral Tissue,20.28543885,118
E10.10.Poc.dami.1.20150630.M,E10,Coral Mucus,4.894420277,62
E10.10.Poc.dami.1.20150630.T,E10,Coral Tissue,0.908030997,23
E10.10.Sty.pist.1.20150630.M,E10,Coral Mucus,2.803537731,63
E10.10.Sty.pist.1.20150630.S,E10,Coral Skeleton,3.775995441,30
E10.10.Sty.pist.2.20150630.M,E10,Coral Mucus,8.164717296,104
E10.10.Sty.pist.2.20150630.T,E10,Coral Tissue,0.884349058,18
E10.10.Sty.pist.3.20150630.M,E10,Coral Mucus,1.300477127,37
E10.17.Fav.abdi.1.20150630.M,E10,Coral Mucus,3.000756979,40
E10.17.Fav.abdi.1.20150630.S,E10,Coral Skeleton,9.394186819,50
E10.17.Fav.abdi.1.20150630.T,E10,Coral Tissue,5.916519775,27
E10.17.Fav.abdi.2.20150630.M,E10,Coral Mucus,3.403137337,50
E10.17.Fav.pali.1.20150630.S,E10,Coral Skeleton,4.331472865,43
E10.17.Gon.favu.1.20150629.M,E10,Coral Mucus,11.11502,94
E10.17.Gon.favu.1.20150629.S,E10,Coral Skeleton,9.016196794,75
E10.17.Gon.favu.1.20150629.T,E10,Coral Tissue,12.70139321,90
E10.17.Gon.favu.1.20150630.M,E10,Coral Mucus,4.00066513,55
E10.17.Gon.favu.1.20150630.S,E10,Coral Skeleton,23.5489326,171
E10.17.Gon.favu.1.20150630.T,E10,Coral Tissue,22.71148753,160
E10.17.Gon.favu.2.20150630.M,E10,Coral Mucus,3.581646097,65
E10.17.Gon.favu.2.20150630.S,E10,Coral Skeleton,21.26564467,159
E10.17.Gon.favu.2.20150630.T,E10,Coral Tissue,27.44176694,203
E10.17.Mon.curt.3.20150629.M,E10,Coral Mucus,2.055904883,38
E10.17.Mon.curt.3.20150629.S,E10,Coral Skeleton,17.83574133,137
E10.17.Mon.curt.3.20150629.T,E10,Coral Tissue,7.82179191,38
E10.Aca.hill.1.20150629.M,E10,Coral Mucus,31.17177194,244
E10.Aca.hill.1.20150629.S,E10,Coral Skeleton,12.56066606,92
E10.Aca.hill.2.20150629.M,E10,Coral Mucus,2.136811239,37
E10.Aca.hill.2.20150629.S,E10,Coral Skeleton,4.130845142,38
E10.Aca.hill.3.20150629.M,E10,Coral Mucus,7.768836796,57
E10.Aca.hill.3.20150629.S,E10,Coral Skeleton,5.795746263,49
E10.Acr.cyth.1.20150627.M,E10,Coral Mucus,7.335788946,118
E10.Acr.cyth.1.20150627.S,E10,Coral Skeleton,1.802520552,47
E10.Acr.cyth.1.20150627.T,E10,Coral Tissue,0.502843452,11
E10.Acr.cyth.2.20150627.M,E10,Coral Mucus,11.58746,139
E10.Acr.cyth.2.20150627.S,E10,Coral Skeleton,4.778260817,63
E10.Acr.cyth.2.20150627.T,E10,Coral Tissue,2.979473102,26
E10.Acr.cyth.3.20150627.M,E10,Coral Mucus,4.220146434,62
E10.Acr.cyth.3.20150627.S,E10,Coral Skeleton,1.803550232,35
E10.Acr.cyth.3.20150627.T,E10,Coral Tissue,0.964501101,14
E10.Acr.pali.1.20150627.M,E10,Coral Mucus,9.798027826,98
E10.Acr.pali.2.20150627.M,E10,Coral Mucus,11.89705958,84
E10.Acr.pali.2.20150627.S,E10,Coral Skeleton,6.134962656,53
E10.Acr.pali.2.20150627.T,E10,Coral Tissue,5.445687741,33
E10.Acr.pali.3.20150627.M,E10,Coral Mucus,5.201193714,65
E10.Acr.pali.3.20150627.S,E10,Coral Skeleton,3.93111734,44
E10.Acr.pali.3.20150627.T,E10,Coral Tissue,13.20660947,100
E10.Alv.alli.1.20150628.M,E10,Coral Mucus,3.658882245,22
E10.Alv.alli.1.20150628.T,E10,Coral Tissue,9.77538038,81
E10.Alv.alli.2.20150628.M,E10,Coral Mucus,3.01097199,56
E10.Alv.alli.2.20150628.S,E10,Coral Skeleton,18.24447232,115
E10.Alv.alli.2.20150628.T,E10,Coral Tissue,19.97094138,129
E10.Alv.alli.3.20150628.M,E10,Coral Mucus,6.326943357,72
E10.Alv.alli.3.20150628.S,E10,Coral Skeleton,9.93924577,89
E10.Alv.alli.3.20150628.T,E10,Coral Tissue,26.94927782,221
E10.Cyp.micr.1.20150627.M,E10,Coral Mucus,5.211701984,64
E10.Cyp.micr.1.20150627.T,E10,Coral Tissue,6.95041649,47
E10.Cyp.sera.2.20150628.M,E10,Coral Mucus,6.696649927,51
E10.Fav.abdi.1.20150629.M,E10,Coral Mucus,8.677789535,33
E10.Fav.abdi.1.20150629.T,E10,Coral Tissue,1.71017624,11
E10.Mon.curt.1.20150629.M,E10,Coral Mucus,15.12378399,116
E10.Mon.curt.1.20150629.S,E10,Coral Skeleton,4.505817531,25
E10.Mon.curt.1.20150629.T,E10,Coral Tissue,6.691704417,38
E10.Mon.curt.2.20150629.M,E10,Coral Mucus,2.503731932,63
E10.Mon.curt.2.20150629.T,E10,Coral Tissue,4.089996688,30
E10.Poc.dami.1.20150628.M,E10,Coral Mucus,1.47025645,31
E10.Poc.dami.1.20150628.S,E10,Coral Skeleton,4.871332475,35
E10.Poc.dami.1.20150628.T,E10,Coral Tissue,1.321738748,23
E10.Poc.dami.2.20150628.S,E10,Coral Skeleton,7.173094964,101
E10.Poc.dami.2.20150628.T,E10,Coral Tissue,1.724270687,23
E10.Por.hero.1.20150628.M,E10,Coral Mucus,3.535208457,22
E10.Por.hero.1.20150628.S,E10,Coral Skeleton,7.250413884,32
E10.Por.hero.1.20150628.T,E10,Coral Tissue,3.305669759,21
E10.Por.hero.2.20150628.M,E10,Coral Mucus,5.362714904,31
E10.Por.hero.2.20150628.S,E10,Coral Skeleton,6.649731624,36
E10.Por.hero.2.20150628.T,E10,Coral Tissue,1.51312116,14
E10.Por.hero.3.20150628.M,E10,Coral Mucus,1.483767514,9
E10.Por.hero.3.20150628.S,E10,Coral Skeleton,10.07952811,74
E10.Por.hero.3.20150628.T,E10,Coral Tissue,3.624309865,18
E10.Ser.cali.1.20150627.M,E10,Coral Mucus,1.362563475,37
E10.Ser.cali.2.20150627.M,E10,Coral Mucus,6.777337475,38
E10.Ser.cali.3.20150627.M,E10,Coral Mucus,10.50716358,95
E10.Sty.pist.1.20150628.M,E10,Coral Mucus,4.757612904,44
E10.Sty.pist.1.20150628.S,E10,Coral Skeleton,4.967282485,57
E10.Sty.pist.1.20150628.T,E10,Coral Tissue,1.966977641,32
E3.10.Sty.pist.1.20150124.M,E3,Coral Mucus,3.492473465,56
E3.10.Sty.pist.1.20150127.M,E3,Coral Mucus,9.804097444,106
E3.10.Sty.pist.2.20150124.M,E3,Coral Mucus,3.588270739,54
E3.11.Fun.sp.1.20150125.M,E3,Coral Mucus,9.689133573,175
E3.11.Fun.sp.1.20150125.T,E3,Coral Tissue,11.88087851,63
E3.11.Fun.sp.1.20150127.M,E3,Coral Mucus,5.253513445,45
E3.11.Fun.sp.1.20150127.T,E3,Coral Tissue,12.57707451,108
E3.11.Fun.sp.2.20150125.M,E3,Coral Mucus,6.160540743,129
E3.11.Fun.sp.2.20150125.T,E3,Coral Tissue,8.230116969,63
E3.14.Phy.lich.1.20150125.M,E3,Coral Mucus,9.109404914,105
E3.14.Phy.lich.1.20150125.S,E3,Coral Skeleton,1.778836309,27
E3.14.Phy.lich.1.20150129.M,E3,Coral Mucus,6.131405205,75
E3.14.Phy.lich.1.20150129.S,E3,Coral Skeleton,9.132666765,58
E3.14.Phy.lich.1.20150129.T,E3,Coral Tissue,0.974423676,13
E3.14.Phy.lich.2.20150125.M,E3,Coral Mucus,9.428939616,84
E3.14.Phy.lich.2.20150125.S,E3,Coral Skeleton,18.88889442,120
E3.15.Dip.heli.1.20150105.M,E3,Coral Mucus,2.157769306,57
E3.15.Dip.heli.1.20150105.S,E3,Coral Skeleton,21.08921399,155
E3.15.Dip.heli.1.20150105.T,E3,Coral Tissue,18.66304327,117
E3.15.Dip.heli.1.20150106.M,E3,Coral Mucus,6.643348447,58
E3.15.Dip.heli.1.20150106.S,E3,Coral Skeleton,31.31150164,247
E3.15.Dip.heli.1.20150106.T,E3,Coral Tissue,23.01607328,184
E3.15.Dip.heli.1.20150118.M,E3,Coral Mucus,9.871734543,89
E3.15.Dip.heli.1.20150118.S,E3,Coral Skeleton,4.48430844,29
E3.15.Dip.heli.1.20150118.T,E3,Coral Tissue,9.322862614,84
E3.15.Dip.heli.1.20150119.M,E3,Coral Mucus,4.672849828,95
E3.15.Dip.heli.1.20150119.S,E3,Coral Skeleton,12.74776555,78
E3.15.Dip.heli.1.20150120.M,E3,Coral Mucus,5.349996849,71
E3.15.Dip.heli.1.20150120.S,E3,Coral Skeleton,20.27110215,150
E3.15.Dip.heli.1.20150120.T,E3,Coral Tissue,13.24704004,56
E3.15.Dip.heli.1.20150121.M,E3,Coral Mucus,6.038258952,108
E3.15.Dip.heli.1.20150121.S,E3,Coral Skeleton,8.925022448,75
E3.15.Dip.heli.1.20150121.T,E3,Coral Tissue,5.795613956,35
E3.15.Dip.heli.1.20150123.M,E3,Coral Mucus,2.587493813,50
E3.15.Dip.heli.1.20150123.S,E3,Coral Skeleton,27.00343562,185
E3.15.Dip.heli.1.20150123.T,E3,Coral Tissue,2.620798354,25
E3.15.Dip.heli.2.20150105.M,E3,Coral Mucus,4.21763155,52
E3.15.Dip.heli.2.20150105.S,E3,Coral Skeleton,16.24584843,127
E3.15.Dip.heli.2.20150105.T,E3,Coral Tissue,27.79525642,193
E3.15.Dip.heli.2.20150106.M,E3,Coral Mucus,3.606064623,50
E3.15.Dip.heli.2.20150106.S,E3,Coral Skeleton,28.1562601,256
E3.15.Dip.heli.2.20150106.T,E3,Coral Tissue,18.02104642,132
E3.15.Dip.heli.2.20150119.M,E3,Coral Mucus,4.906448935,71
E3.15.Dip.heli.2.20150119.S,E3,Coral Skeleton,14.294307,120
E3.15.Dip.heli.2.20150119.T,E3,Coral Tissue,14.41000134,97
E3.15.Dip.heli.2.20150120.M,E3,Coral Mucus,6.129728249,81
E3.15.Dip.heli.2.20150120.S,E3,Coral Skeleton,24.63193892,165
E3.15.Dip.heli.2.20150121.M,E3,Coral Mucus,6.12124961,96
E3.15.Dip.heli.2.20150121.S,E3,Coral Skeleton,25.94724288,184
E3.15.Dip.heli.2.20150121.T,E3,Coral Tissue,10.98114275,64
E3.15.Dip.heli.2.20150123.M,E3,Coral Mucus,8.163502988,119
E3.15.Dip.heli.2.20150123.S,E3,Coral Skeleton,22.71384974,179
E3.15.Dip.heli.3.20150105.M,E3,Coral Mucus,8.804113359,123
E3.15.Dip.heli.3.20150105.S,E3,Coral Skeleton,22.51021323,168
E3.15.Dip.heli.3.20150105.T,E3,Coral Tissue,14.16372055,115
E3.15.Dip.heli.3.20150106.S,E3,Coral Skeleton,19.7810266,157
E3.15.Dip.heli.3.20150106.T,E3,Coral Tissue,25.47677059,157
E3.15.Dip.heli.3.20150120.M,E3,Coral Mucus,2.287632999,62
E3.15.Dip.heli.3.20150120.S,E3,Coral Skeleton,12.65540714,91
E3.15.Dip.heli.3.20150120.T,E3,Coral Tissue,8.737485941,60
E3.15.Dip.heli.3.20150121.M,E3,Coral Mucus,4.1365887,93
E3.15.Dip.heli.3.20150121.S,E3,Coral Skeleton,21.24664076,146
E3.15.Dip.heli.3.20150121.T,E3,Coral Tissue,10.5837544,63
E3.15.Dip.heli.3.20150123.M,E3,Coral Mucus,10.5465789,179
E3.15.Dip.heli.3.20150123.S,E3,Coral Skeleton,29.36980399,214
E3.15.Dip.heli.3.20150123.T,E3,Coral Tissue,18.96921072,133
E3.15.Dip.heli.4.20150105.M,E3,Coral Mucus,1.41101057,53
E3.15.Dip.heli.4.20150105.S,E3,Coral Skeleton,19.85313418,155
E3.15.Dip.heli.4.20150105.T,E3,Coral Tissue,19.18203169,149
E3.15.Dip.heli.4.20150106.S,E3,Coral Skeleton,27.82772817,203
E3.15.Dip.heli.4.20150106.T,E3,Coral Tissue,17.55012132,113
E3.17.Ech.horr.1.20150123.S,E3,Coral Skeleton,4.74205529,36
E3.17.Ech.horr.1.20150123.T,E3,Coral Tissue,6.602017936,42
E3.17.Ech.mamm.1.20150123.M,E3,Coral Mucus,14.52052357,206
E3.17.Ech.mamm.1.20150123.S,E3,Coral Skeleton,8.387969136,78
E3.17.Ech.mamm.1.20150123.T,E3,Coral Tissue,8.539818597,49
E3.17.Ech.mamm.1.20150127.M,E3,Coral Mucus,0.450270498,23
E3.17.Ech.mamm.1.20150127.T,E3,Coral Tissue,2.720843215,37
E3.17.Ech.mamm.1.20150129.M,E3,Coral Mucus,10.60553988,136
E3.19.Sym.sp.1.20150125.M,E3,Coral Mucus,12.25161196,135
E3.19.Sym.sp.1.20150125.S,E3,Coral Skeleton,2.298828882,28
E3.19.Sym.sp.1.20150127.M,E3,Coral Mucus,7.851886371,127
E3.19.Sym.sp.2.20150125.M,E3,Coral Mucus,13.32122271,166
E3.19.Sym.sp.2.20150125.S,E3,Coral Skeleton,4.192185937,40
E3.2.Tur.reni.1.20150124.M,E3,Coral Mucus,7.409213089,99
E3.2.Tur.reni.1.20150127.M,E3,Coral Mucus,0.014831623,6
E3.2.Tur.reni.1.20150127.S,E3,Coral Skeleton,11.01574537,62
E3.2.Tur.reni.1.20150127.T,E3,Coral Tissue,9.570688541,68
E3.2.Tur.reni.2.20150124.M,E3,Coral Mucus,5.55304977,92
E3.3.Por.cyli.1.20150123.M,E3,Coral Mucus,5.838691102,110
E3.3.Por.cyli.1.20150123.S,E3,Coral Skeleton,6.517500258,43
E3.3.Por.cyli.1.20150123.T,E3,Coral Tissue,7.435904234,37
E3.3.Por.cyli.1.20150127.M,E3,Coral Mucus,8.607040781,102
E3.3.Por.cyli.1.20150127.S,E3,Coral Skeleton,4.449533325,32
E3.3.Por.cyli.1.20150127.T,E3,Coral Tissue,5.673929369,30
E3.3.Por.cyli.2.20150123.M,E3,Coral Mucus,2.265736215,43
E3.3.Por.cyli.2.20150123.S,E3,Coral Skeleton,3.003285145,22
E3.3.Por.cyli.2.20150123.T,E3,Coral Tissue,4.611048809,25
E3.4.Pac.rugo.1.20150127.M,E3,Coral Mucus,13.93594525,160
E3.4.Pac.rugo.1.20150127.S,E3,Coral Skeleton,8.739584917,61
E3.4.Pac.rugo.1.20150127.T,E3,Coral Tissue,9.422540088,74
E3.4.Pac.rugo.1.20150128.M,E3,Coral Mucus,7.758476852,98
E3.4.Pac.rugo.1.20150128.S,E3,Coral Skeleton,5.705824688,57
E3.4.Pac.rugo.1.20150128.T,E3,Coral Tissue,1.181121542,20
E3.4.Pac.spec.1.20150128.M,E3,Coral Mucus,15.44543298,138
E3.4.Pac.spec.1.20150128.S,E3,Coral Skeleton,3.861846156,21
E3.4.Pac.spec.1.20150128.T,E3,Coral Tissue,9.712981433,70
E3.4.Pac.spec.1.20150129.M,E3,Coral Mucus,10.96579294,128
E3.4.Pac.spec.1.20150129.S,E3,Coral Skeleton,4.838195176,61
E3.4.Pac.spec.1.20150129.T,E3,Coral Tissue,23.87307512,143
E3.5.Gal.astr.1.20150124.M,E3,Coral Mucus,0.764249789,26
E3.5.Gal.astr.1.20150124.S,E3,Coral Skeleton,20.03291257,156
E3.5.Gal.astr.1.20150124.T,E3,Coral Tissue,21.08040524,155
E3.5.Gal.astr.2.20150124.M,E3,Coral Mucus,1.796419191,24
E3.5.Gal.astr.2.20150124.S,E3,Coral Skeleton,23.08862683,206
E3.5.Gal.astr.2.20150124.T,E3,Coral Tissue,31.29703205,233
E3.5.Gal.astr.2.20150127.M,E3,Coral Mucus,4.491744964,74
E3.5.Gal.astr.2.20150127.S,E3,Coral Skeleton,8.319450232,56
E3.6.Acr.hyac.1.20150105.M,E3,Coral Mucus,3.862616655,97
E3.6.Acr.hyac.1.20150105.S,E3,Coral Skeleton,3.09936661,59
E3.6.Acr.hyac.1.20150106.M,E3,Coral Mucus,2.885281783,42
E3.6.Acr.hyac.1.20150106.S,E3,Coral Skeleton,3.113941221,73
E3.6.Acr.hyac.1.20150106.T,E3,Coral Tissue,2.951019714,45
E3.6.Acr.hyac.1.20150118.M,E3,Coral Mucus,14.4320441,81
E3.6.Acr.hyac.1.20150118.S,E3,Coral Skeleton,0.936807623,20
E3.6.Acr.hyac.1.20150118.T,E3,Coral Tissue,8.511197475,61
E3.6.Acr.hyac.1.20150120.M,E3,Coral Mucus,9.349073814,146
E3.6.Acr.hyac.1.20150120.S,E3,Coral Skeleton,4.283109875,45
E3.6.Acr.hyac.1.20150121.M,E3,Coral Mucus,3.136914443,56
E3.6.Acr.hyac.1.20150121.S,E3,Coral Skeleton,2.348268074,29
E3.6.Acr.hyac.1.20150121.T,E3,Coral Tissue,1.708785018,34
E3.6.Acr.hyac.1.20150123.M,E3,Coral Mucus,4.006723178,94
E3.6.Acr.hyac.1.20150123.S,E3,Coral Skeleton,3.425339199,31
E3.6.Acr.hyac.1.20150123.T,E3,Coral Tissue,4.020769434,50
E3.6.Acr.hyac.2.20150105.M,E3,Coral Mucus,5.876136746,85
E3.6.Acr.hyac.2.20150105.S,E3,Coral Skeleton,2.338982798,39
E3.6.Acr.hyac.2.20150105.T,E3,Coral Tissue,1.827584234,40
E3.6.Acr.hyac.2.20150106.M,E3,Coral Mucus,3.833883138,76
E3.6.Acr.hyac.2.20150106.S,E3,Coral Skeleton,2.695528038,36
E3.6.Acr.hyac.2.20150106.T,E3,Coral Tissue,1.720197036,27
E3.6.Acr.hyac.2.20150120.M,E3,Coral Mucus,3.843309362,70
E3.6.Acr.hyac.2.20150120.S,E3,Coral Skeleton,4.538802244,40
E3.6.Acr.hyac.2.20150120.T,E3,Coral Tissue,4.052561095,45
E3.6.Acr.hyac.2.20150121.M,E3,Coral Mucus,4.705793415,79
E3.6.Acr.hyac.2.20150121.S,E3,Coral Skeleton,5.231943626,35
E3.6.Acr.hyac.2.20150123.M,E3,Coral Mucus,11.1901894,181
E3.6.Acr.hyac.2.20150123.S,E3,Coral Skeleton,1.707236522,23
E3.6.Acr.hyac.2.20150123.T,E3,Coral Tissue,2.956004275,49
E3.6.Acr.hyac.3.20150105.M,E3,Coral Mucus,8.918340225,125
E3.6.Acr.hyac.3.20150105.S,E3,Coral Skeleton,3.026029047,63
E3.6.Acr.hyac.3.20150105.T,E3,Coral Tissue,1.558878704,31
E3.6.Acr.hyac.3.20150106.T,E3,Coral Tissue,3.235560122,40
E3.6.Acr.hyac.3.20150120.M,E3,Coral Mucus,3.566059289,50
E3.6.Acr.hyac.3.20150120.S,E3,Coral Skeleton,1.85092384,20
E3.6.Acr.hyac.3.20150120.T,E3,Coral Tissue,2.511465689,54
E3.6.Acr.hyac.3.20150121.M,E3,Coral Mucus,1.405200751,34
E3.6.Acr.hyac.3.20150121.S,E3,Coral Skeleton,3.832070825,37
E3.6.Acr.hyac.3.20150121.T,E3,Coral Tissue,2.295470908,28
E3.6.Acr.hyac.3.20150123.M,E3,Coral Mucus,15.50662543,209
E3.6.Acr.hyac.3.20150123.S,E3,Coral Skeleton,1.284287967,24
E3.6.Acr.hyac.3.20150123.T,E3,Coral Tissue,5.767231109,75
E3.6.Acr.hyac.4.20150105.M,E3,Coral Mucus,2.553599453,40
E3.6.Acr.hyac.4.20150105.S,E3,Coral Skeleton,2.773255551,35
E3.6.Acr.hyac.4.20150105.T,E3,Coral Tissue,1.27688218,26
E3.6.Acr.hyac.4.20150106.S,E3,Coral Skeleton,3.405873664,52
E3.6.Acr.hyac.4.20150106.T,E3,Coral Tissue,1.721116726,24
E3.7.Pav.vari.1.20150124.M,E3,Coral Mucus,10.14961519,129
E3.7.Pav.vari.1.20150124.S,E3,Coral Skeleton,16.18601039,108
E3.7.Pav.vari.1.20150124.T,E3,Coral Tissue,8.450646628,37
E3.7.Pav.vari.1.20150127.M,E3,Coral Mucus,8.635569391,117
E3.7.Pav.vari.1.20150127.S,E3,Coral Skeleton,19.61870328,129
E3.7.Pav.vari.1.20150127.T,E3,Coral Tissue,14.89015064,62
E3.7.Pav.vari.2.20150124.M,E3,Coral Mucus,11.61645645,152
E3.7.Pav.vari.2.20150124.S,E3,Coral Skeleton,17.70569656,110
E3.7.Pav.vari.2.20150124.T,E3,Coral Tissue,11.74763721,61
E7.10.Poc.dami.1.20150621.M,E7,Coral Mucus,3.163920009,79
E7.10.Poc.dami.2.20150621.M,E7,Coral Mucus,10.81324818,123
E7.10.Poc.dami.2.20150621.S,E7,Coral Skeleton,6.750492152,59
E7.10.Poc.dami.3.20150621.M,E7,Coral Mucus,1.395417276,34
E7.10.Poc.dami.3.20150621.S,E7,Coral Skeleton,9.177096458,45
E7.10.Ser.cali.1.20150622.M,E7,Coral Mucus,3.174160078,60
E7.10.Ser.cali.1.20150622.S,E7,Coral Skeleton,7.916143151,58
E7.10.Ser.cali.2.20150622.M,E7,Coral Mucus,5.535005153,129
E7.10.Ser.cali.2.20150622.S,E7,Coral Skeleton,2.421627411,27
E7.10.Ser.cali.3.20150622.M,E7,Coral Mucus,5.396159081,117
E7.10.Ser.cali.3.20150622.S,E7,Coral Skeleton,6.462219129,29
E7.17.Cyp.micr.1.20150621.M,E7,Coral Mucus,11.5479542,166
E7.17.Cyp.micr.1.20150621.S,E7,Coral Skeleton,6.367420823,50
E7.17.Cyp.micr.2.20150621.M,E7,Coral Mucus,8.986158992,120
E7.17.Cyp.micr.2.20150621.S,E7,Coral Skeleton,15.59599099,139
E7.17.Cyp.micr.3.20150621.M,E7,Coral Mucus,1.946267971,49
E7.17.Cyp.micr.3.20150621.S,E7,Coral Skeleton,3.747675262,42
E7.17.Ech.lame.1.20150620.M,E7,Coral Mucus,14.36582152,132
E7.17.Ech.lame.1.20150620.S,E7,Coral Skeleton,9.656280496,61
E7.17.Ech.lame.1.20150620.T,E7,Coral Tissue,2.538270427,67
E7.17.Ech.lame.2.20150620.M,E7,Coral Mucus,2.168080577,45
E7.17.Ech.lame.2.20150620.S,E7,Coral Skeleton,21.11748401,184
E7.17.Ech.lame.2.20150620.T,E7,Coral Tissue,14.08115137,136
E7.17.Ech.lame.3.20150620.M,E7,Coral Mucus,25.80682631,230
E7.17.Ech.lame.3.20150620.S,E7,Coral Skeleton,12.0473514,86
E7.17.Ech.lame.3.20150620.T,E7,Coral Tissue,11.35519698,71
E7.17.Fav.abdi.1.20150623.M,E7,Coral Mucus,16.42305066,155
E7.17.Fav.abdi.1.20150623.S,E7,Coral Skeleton,24.87739214,199
E7.17.Fav.abdi.1.20150623.T,E7,Coral Tissue,18.87885929,95
E7.17.Fav.abdi.2.20150623.M,E7,Coral Mucus,0.857279721,17
E7.17.Fav.spA.1.20150623.M,E7,Coral Mucus,3.400992457,55
E7.17.Fav.spA.1.20150623.S,E7,Coral Skeleton,26.19059311,248
E7.17.Fav.spA.1.20150623.T,E7,Coral Tissue,5.857097103,42
E7.17.Fav.spA.2.20150623.M,E7,Coral Mucus,1.312573936,22
E7.17.Fav.spA.2.20150623.S,E7,Coral Skeleton,22.02215721,177
E7.17.Fav.spA.2.20150623.T,E7,Coral Tissue,5.480953203,48
E7.17.Fav.spB.1.20150623.M,E7,Coral Mucus,4.980956399,105
E7.17.Fav.spB.1.20150623.S,E7,Coral Skeleton,14.6237381,151
E7.17.Fav.spC.1.20150623.S,E7,Coral Skeleton,7.135761563,57
E7.17.Fav.spC.1.20150623.T,E7,Coral Tissue,3.402550163,50
E7.17.Gon.edwa.1.20150623.M,E7,Coral Mucus,1.83726039,35
E7.17.Gon.edwa.1.20150623.S,E7,Coral Skeleton,10.50797972,87
E7.17.Gon.edwa.1.20150623.T,E7,Coral Tissue,26.76382966,183
E7.17.Gon.edwa.2.20150623.M,E7,Coral Mucus,0.946404611,28
E7.17.Gon.edwa.2.20150623.T,E7,Coral Tissue,14.39157254,99
E7.17.Hyd.exce.1.20150620.M,E7,Coral Mucus,12.80298736,128
E7.17.Hyd.exce.1.20150620.S,E7,Coral Skeleton,11.81708893,128
E7.17.Hyd.exce.1.20150620.T,E7,Coral Tissue,13.53771819,70
E7.17.Hyd.exes.1.20150622.M,E7,Coral Mucus,13.40673732,154
E7.17.Hyd.exes.1.20150622.T,E7,Coral Tissue,3.560228162,24
E7.17.Hyd.exes.2.20150622.M,E7,Coral Mucus,2.624207681,31
E7.17.Hyd.exes.2.20150622.S,E7,Coral Skeleton,5.077033366,26
E7.17.Hyd.exes.2.20150622.T,E7,Coral Tissue,5.835022169,44
E7.17.Mer.ampl.1.20150621.M,E7,Coral Mucus,10.73911488,133
E7.17.Mer.ampl.1.20150621.T,E7,Coral Tissue,5.647442003,32
E7.17.Mer.ampl.2.20150621.T,E7,Coral Tissue,9.539966845,57
E7.17.Mer.ampl.3.20150621.M,E7,Coral Mucus,11.29987432,123
E7.17.Mer.ampl.3.20150621.T,E7,Coral Tissue,6.939567995,42
E7.17.Myc.elep.1.20150622.M,E7,Coral Mucus,11.78777458,126
E7.17.Myc.elep.1.20150622.S,E7,Coral Skeleton,14.32880748,127
E7.17.Myc.elep.1.20150622.T,E7,Coral Tissue,14.6737803,130
E7.17.Pla.sine.1.20150622.S,E7,Coral Skeleton,2.710978481,41
E7.17.Pla.sine.1.20150622.T,E7,Coral Tissue,4.475634432,29
E7.17.Pla.sine.2.20150622.M,E7,Coral Mucus,9.168483716,121
E7.17.Pla.sine.2.20150622.S,E7,Coral Skeleton,3.141217306,54
E7.17.Pla.sine.2.20150622.T,E7,Coral Tissue,5.598914758,31
E7.17.Pla.sine.3.20150622.M,E7,Coral Mucus,7.039339714,107
E7.17.Pla.sine.3.20150622.S,E7,Coral Skeleton,2.540640875,42
E7.17.Pla.sine.3.20150622.T,E7,Coral Tissue,5.200257533,26
E7.19.Lob.hemp.1.20150619.M,E7,Coral Mucus,13.53814532,156
E7.19.Lob.hemp.1.20150619.S,E7,Coral Skeleton,14.05915629,126
E7.19.Lob.hemp.1.20150619.T,E7,Coral Tissue,15.26361914,75
E7.19.Lob.hemp.1.20150621.M,E7,Coral Mucus,4.606295211,91
E7.19.Lob.hemp.1.20150621.S,E7,Coral Skeleton,12.49806932,93
E7.19.Lob.hemp.1.20150621.T,E7,Coral Tissue,28.35186863,216
E7.19.Lob.hemp.2.20150619.M,E7,Coral Mucus,15.24359486,139
E7.19.Lob.hemp.2.20150619.S,E7,Coral Skeleton,17.03367343,147
E7.19.Lob.hemp.2.20150619.T,E7,Coral Tissue,14.99147147,84
E7.3.Por.loba.1.20150619.M,E7,Coral Mucus,9.041656295,99
E7.3.Por.loba.1.20150619.S,E7,Coral Skeleton,9.827110186,81
E7.3.Por.loba.1.20150619.T,E7,Coral Tissue,5.974865048,43
E7.3.Por.loba.2.20150619.M,E7,Coral Mucus,2.528166856,46
E7.3.Por.loba.2.20150619.S,E7,Coral Skeleton,9.578381529,54
E7.3.Por.loba.2.20150619.T,E7,Coral Tissue,12.46254342,73
E7.3.Por.loba.3.20150619.M,E7,Coral Mucus,7.626742574,43
E7.3.Por.loba.3.20150619.S,E7,Coral Skeleton,6.401660994,54
E7.3.Por.loba.4.20150619.M,E7,Coral Mucus,1.639127313,57
E7.3.Por.loba.4.20150619.S,E7,Coral Skeleton,18.16694411,124
E7.3.Por.loba.4.20150619.T,E7,Coral Tissue,13.54380456,72
E7.5.Gal.astr.1.20150622.M,E7,Coral Mucus,5.213922017,98
E7.5.Gal.astr.1.20150622.S,E7,Coral Skeleton,6.67421021,56
E7.5.Gal.astr.1.20150622.T,E7,Coral Tissue,14.39578624,99
E7.5.Gal.fasc.1.20150621.M,E7,Coral Mucus,11.86321827,136
E7.5.Gal.fasc.1.20150621.S,E7,Coral Skeleton,22.31625983,171
E7.5.Gal.fasc.1.20150621.T,E7,Coral Tissue,30.45710442,228
E7.5.Gal.fasc.1.20150622.M,E7,Coral Mucus,3.05001975,44
E7.5.Gal.fasc.1.20150622.S,E7,Coral Skeleton,4.225824805,38
E7.5.Gal.fasc.1.20150622.T,E7,Coral Tissue,11.70487373,84
E7.6.Acr.hyac.1.20150622.M,E7,Coral Mucus,6.497600852,125
E7.6.Acr.hyac.1.20150622.S,E7,Coral Skeleton,3.294102845,57
E7.6.Acr.hyac.1.20150622.T,E7,Coral Tissue,2.61032129,49
E7.6.Acr.hyac.2.20150622.M,E7,Coral Mucus,5.227409572,99
E7.6.Acr.hyac.2.20150622.S,E7,Coral Skeleton,2.820516178,49
E7.6.Acr.hyac.2.20150622.T,E7,Coral Tissue,1.773923219,48
E7.6.Acr.hyac.3.20150622.M,E7,Coral Mucus,4.561200593,116
E7.6.Acr.hyac.3.20150622.S,E7,Coral Skeleton,0.984440511,30
E7.6.Acr.hyac.3.20150622.T,E7,Coral Tissue,4.168924825,47
E7.6.Mon.aequ.1.20150620.M,E7,Coral Mucus,2.93533025,87
E7.6.Mon.aequ.1.20150620.S,E7,Coral Skeleton,4.536572462,29
E7.6.Mon.aequ.1.20150620.T,E7,Coral Tissue,3.385554195,42
E7.6.Mon.aequ.2.20150620.M,E7,Coral Mucus,5.793140278,106
E7.6.Mon.aequ.2.20150620.S,E7,Coral Skeleton,2.344393362,34
E7.6.Mon.aequ.2.20150620.T,E7,Coral Tissue,9.978885827,77
E7.6.Mon.aequ.3.20150620.M,E7,Coral Mucus,3.539308696,69
E7.6.Mon.aequ.3.20150620.S,E7,Coral Skeleton,2.985978217,60
E7.6.Mon.aequ.3.20150620.T,E7,Coral Tissue,9.99505113,131
E7.6.Mon.aequ.4.20150620.M,E7,Coral Mucus,0.832996145,34
E7.6.Mon.aequ.4.20150620.S,E7,Coral Skeleton,2.622158415,52
E7.6.Mon.aequ.4.20150620.T,E7,Coral Tissue,18.25872284,152
E7.7.Pav.vari.1.20150622.M,E7,Coral Mucus,8.192774309,135
E7.7.Pav.vari.1.20150623.M,E7,Coral Mucus,0.599839293,11
E7.7.Pav.vari.1.20150623.S,E7,Coral Skeleton,7.98733025,53
E7.7.Pav.vari.1.20150623.T,E7,Coral Tissue,29.09574043,234
E7.7.Pav.vari.2.20150622.M,E7,Coral Mucus,4.297309355,78
E7.7.Pav.vari.2.20150622.S,E7,Coral Skeleton,17.66852184,123
E7.7.Pav.vari.2.20150622.T,E7,Coral Tissue,11.5057598,55
